ISO3 Alpha-code,"Region, subregion, country or area *",Year,Estimated road traffic death rate (per 100 000 population)
ATG,Antigua and Barbuda,2019,0.0
FSM,Micronesia (Federated States of),2019,0.16
MDV,Maldives,2019,1.63
KIR,Kiribati,2019,1.92
EGY,Egypt,2019,10.1
UKR,Ukraine,2019,10.2
ROU,Romania,2019,10.29
OMN,Oman,2019,10.59
SYC,Seychelles,2019,11.26
IDN,Indonesia,2019,11.33
UZB,Uzbekistan,2019,11.68
ALB,Albania,2019,11.7
TLS,Timor-Leste,2019,11.9
RUS,Russian Federation,2019,12.0
PHL,Philippines,2019,12.04
MUS,Mauritius,2019,12.23
GEO,Georgia,2019,12.41
PNG,Papua New Guinea,2019,12.59
KGZ,Kyrgyzstan,2019,12.66
USA,United States of America,2019,12.67
KAZ,Kazakhstan,2019,12.68
MEX,Mexico,2019,12.78
PAK,Pakistan,2019,13.01
WSM,Samoa,2019,13.03
TKM,Turkmenistan,2019,13.47
BIH,Bosnia and Herzegovina,2019,13.51
FJI,Fiji,2019,13.51
PER,Peru,2019,13.58
PAN,Panama,2019,13.92
ARG,Argentina,2019,14.06
CRI,Costa Rica,2019,14.78
URY,Uruguay,2019,14.78
VUT,Vanuatu,2019,14.86
CHL,Chile,2019,14.91
SYR,Syrian Arab Republic,2019,14.94
JAM,Jamaica,2019,15.06
SUR,Suriname,2019,15.32
BGD,Bangladesh,2019,15.35
COL,Colombia,2019,15.42
KWT,Kuwait,2019,15.43
IND,India,2019,15.56
TJK,Tajikistan,2019,15.67
AFG,Afghanistan,2019,15.86
BRA,Brazil,2019,16.05
HND,Honduras,2019,16.13
BTN,Bhutan,2019,16.18
NPL,Nepal,2019,16.27
LBN,Lebanon,2019,16.44
TUN,Tunisia,2019,16.49
SLB,Solomon Islands,2019,16.52
NIC,Nicaragua,2019,16.94
MAR,Morocco,2019,16.96
JOR,Jordan,2019,17.0
CHN,China,2019,17.36
LAO,Lao People's Democratic Republic,2019,17.87
HTI,Haiti,2019,18.77
KHM,Cambodia,2019,19.55
LKA,Sri Lanka,2019,19.69
ARM,Armenia,2019,19.95
ISL,Iceland,2019,2.05
SGP,Singapore,2019,2.09
NOR,Norway,2019,2.12
CHE,Switzerland,2019,2.25
ECU,Ecuador,2019,20.09
MMR,Myanmar,2019,20.36
ZMB,Zambia,2019,20.46
NGA,Nigeria,2019,20.75
SLV,El Salvador,2019,20.87
DZA,Algeria,2019,20.9
MNG,Mongolia,2019,21.04
BOL,Bolivia (Plurinational State of),2019,21.11
LBY,Libya,2019,21.3
IRN,Iran (Islamic Republic of),2019,21.47
PRY,Paraguay,2019,22.03
ZAF,South Africa,2019,22.22
GUY,Guyana,2019,22.34
MYS,Malaysia,2019,22.48
BLZ,Belize,2019,22.56
MLI,Mali,2019,22.71
GTM,Guatemala,2019,22.9
DJI,Djibouti,2019,23.5
SEN,Senegal,2019,23.51
GAB,Gabon,2019,23.86
CIV,Côte d’Ivoire,2019,24.12
PRK,Democratic People's Republic of Korea,2019,24.19
NER,Niger,2019,25.51
MRT,Mauritania,2019,25.6
GHA,Ghana,2019,25.67
AGO,Angola,2019,26.13
BWA,Botswana,2019,26.41
COM,Comoros,2019,26.57
SDN,Sudan,2019,26.76
CPV,Cabo Verde,2019,26.78
BEN,Benin,2019,26.8
GNQ,Equatorial Guinea,2019,27.17
IRQ,Iraq,2019,27.29
SOM,Somalia,2019,27.4
STP,Sao Tome and Principe,2019,27.9
ETH,Ethiopia,2019,28.16
KEN,Kenya,2019,28.31
TGO,Togo,2019,28.65
MDG,Madagascar,2019,29.22
YEM,Yemen,2019,29.36
UGA,Uganda,2019,29.39
RWA,Rwanda,2019,29.45
GMB,Gambia,2019,29.62
GIN,Guinea,2019,29.66
COG,Congo,2019,29.7
LCA,Saint Lucia,2019,29.84
IRL,Ireland,2019,3.13
SWE,Sweden,2019,3.14
GBR,United Kingdom of Great Britain and Northern Ireland,2019,3.21
JPN,Japan,2019,3.6
DNK,Denmark,2019,3.7
DEU,Germany,2019,3.78
FIN,Finland,2019,3.89
ISR,Israel,2019,3.91
ESP,Spain,2019,3.91
NLD,Netherlands,2019,3.98
MOZ,Mozambique,2019,30.02
CMR,Cameroon,2019,30.18
VNM,Viet Nam,2019,30.56
BFA,Burkina Faso,2019,31.02
TZA,United Republic of Tanzania,2019,31.12
LSO,Lesotho,2019,31.92
THA,Thailand,2019,32.21
GNB,Guinea-Bissau,2019,32.23
TCD,Chad,2019,32.43
TON,Tonga,2019,32.95
SLE,Sierra Leone,2019,33.04
MWI,Malawi,2019,33.4
SWZ,Eswatini,2019,33.47
NAM,Namibia,2019,34.81
COD,Democratic Republic of the Congo,2019,34.86
BDI,Burundi,2019,35.46
SAU,Saudi Arabia,2019,35.94
SSD,South Sudan,2019,36.73
CAF,Central African Republic,2019,37.72
ERI,Eritrea,2019,37.92
LBR,Liberia,2019,38.9
VEN,Venezuela (Bolivarian Republic of),2019,39.02
LUX,Luxembourg,2019,4.07
MLT,Malta,2019,4.11
EST,Estonia,2019,4.46
AUT,Austria,2019,4.87
AUS,Australia,2019,4.94
ZWE,Zimbabwe,2019,41.22
SVN,Slovenia,2019,5.05
FRA,France,2019,5.13
MKD,The former Yugoslav Republic of Macedonia,2019,5.15
BHR,Bahrain,2019,5.18
ITA,Italy,2019,5.32
CAN,Canada,2019,5.34
CYP,Cyprus,2019,5.75
BEL,Belgium,2019,5.77
CZE,Czechia,2019,5.95
SVK,Slovakia,2019,6.07
TUR,Türkiye,2019,6.68
AZE,Azerbaijan,2019,6.73
DOM,Dominican Republic,2019,64.6
MDA,Republic of Moldova,2019,7.25
QAT,Qatar,2019,7.27
VCT,Saint Vincent and the Grenadines,2019,7.41
BRN,Brunei Darussalam,2019,7.45
SRB,Serbia,2019,7.47
MNE,Montenegro,2019,7.64
BLR,Belarus,2019,7.64
HUN,Hungary,2019,7.74
BHS,Bahamas,2019,7.75
HRV,Croatia,2019,7.95
GRD,Grenada,2019,7.96
LVA,Latvia,2019,8.05
LTU,Lithuania,2019,8.14
BRB,Barbados,2019,8.17
PRT,Portugal,2019,8.2
GRC,Greece,2019,8.31
KOR,Republic of Korea,2019,8.59
CUB,Cuba,2019,8.89
ARE,United Arab Emirates,2019,8.91
BGR,Bulgaria,2019,9.24
TTO,Trinidad and Tobago,2019,9.33
POL,Poland,2019,9.38
NZL,New Zealand,2019,9.57
ATG,Antigua and Barbuda,2018,0.0
FSM,Micronesia (Federated States of),2018,0.21
MDV,Maldives,2018,1.72
UKR,Ukraine,2018,10.01
TTO,Trinidad and Tobago,2018,10.16
ROU,Romania,2018,10.23
UZB,Uzbekistan,2018,10.24
EGY,Egypt,2018,10.34
ALB,Albania,2018,10.99
ARE,United Arab Emirates,2018,11.27
SYC,Seychelles,2018,11.35
IDN,Indonesia,2018,11.59
GEO,Georgia,2018,11.82
PHL,Philippines,2018,11.9
TLS,Timor-Leste,2018,12.25
FJI,Fiji,2018,12.25
MUS,Mauritius,2018,12.38
USA,United States of America,2018,12.55
KGZ,Kyrgyzstan,2018,12.81
RUS,Russian Federation,2018,12.89
WSM,Samoa,2018,12.94
MEX,Mexico,2018,12.95
PAK,Pakistan,2018,13.15
PNG,Papua New Guinea,2018,13.51
ARG,Argentina,2018,13.57
OMN,Oman,2018,13.6
PER,Peru,2018,13.7
KAZ,Kazakhstan,2018,13.77
PAN,Panama,2018,13.89
CHL,Chile,2018,13.99
TKM,Turkmenistan,2018,14.14
BIH,Bosnia and Herzegovina,2018,14.23
AFG,Afghanistan,2018,14.25
JAM,Jamaica,2018,14.28
CRI,Costa Rica,2018,14.42
VUT,Vanuatu,2018,15.07
IND,India,2018,15.53
BGD,Bangladesh,2018,15.53
SUR,Suriname,2018,15.66
URY,Uruguay,2018,15.77
BTN,Bhutan,2018,15.93
TJK,Tajikistan,2018,16.05
HND,Honduras,2018,16.13
NPL,Nepal,2018,16.23
KWT,Kuwait,2018,16.24
LBN,Lebanon,2018,16.29
COL,Colombia,2018,16.32
NIC,Nicaragua,2018,16.59
SLB,Solomon Islands,2018,16.62
BRA,Brazil,2018,17.12
SYR,Syrian Arab Republic,2018,17.13
LAO,Lao People's Democratic Republic,2018,17.32
CHN,China,2018,17.57
JOR,Jordan,2018,17.63
MAR,Morocco,2018,17.68
LKA,Sri Lanka,2018,17.89
HTI,Haiti,2018,18.59
LBY,Libya,2018,18.67
TUN,Tunisia,2018,18.73
KHM,Cambodia,2018,18.96
KIR,Kiribati,2018,2.13
NOR,Norway,2018,2.14
SGP,Singapore,2018,2.28
CHE,Switzerland,2018,2.82
MMR,Myanmar,2018,20.2
GTM,Guatemala,2018,20.36
ARM,Armenia,2018,20.39
ZMB,Zambia,2018,20.51
ECU,Ecuador,2018,20.7
BOL,Bolivia (Plurinational State of),2018,20.71
SLV,El Salvador,2018,20.75
MNG,Mongolia,2018,20.9
NGA,Nigeria,2018,20.94
DZA,Algeria,2018,20.96
IRN,Iran (Islamic Republic of),2018,21.66
PRY,Paraguay,2018,22.06
BLZ,Belize,2018,22.46
GUY,Guyana,2018,22.53
MYS,Malaysia,2018,22.69
ZAF,South Africa,2018,22.7
MLI,Mali,2018,22.85
DJI,Djibouti,2018,23.6
SEN,Senegal,2018,23.66
GAB,Gabon,2018,23.77
CIV,Côte d’Ivoire,2018,23.87
TON,Tonga,2018,23.9
PRK,Democratic People's Republic of Korea,2018,24.06
GHA,Ghana,2018,25.29
MRT,Mauritania,2018,25.63
NER,Niger,2018,25.66
BWA,Botswana,2018,25.71
AGO,Angola,2018,25.99
SDN,Sudan,2018,26.1
GNQ,Equatorial Guinea,2018,26.29
CPV,Cabo Verde,2018,26.32
COM,Comoros,2018,26.59
LCA,Saint Lucia,2018,26.67
BEN,Benin,2018,26.91
IRQ,Iraq,2018,27.12
SOM,Somalia,2018,27.39
ETH,Ethiopia,2018,27.56
STP,Sao Tome and Principe,2018,27.63
KEN,Kenya,2018,27.99
YEM,Yemen,2018,28.39
TGO,Togo,2018,28.84
MDG,Madagascar,2018,29.03
GMB,Gambia,2018,29.12
COG,Congo,2018,29.17
VNM,Viet Nam,2018,29.17
UGA,Uganda,2018,29.66
GIN,Guinea,2018,29.73
RWA,Rwanda,2018,29.91
CMR,Cameroon,2018,29.92
GBR,United Kingdom of Great Britain and Northern Ireland,2018,3.02
IRL,Ireland,2018,3.03
DNK,Denmark,2018,3.19
ISR,Israel,2018,3.4
SWE,Sweden,2018,3.62
JPN,Japan,2018,3.65
MOZ,Mozambique,2018,30.1
TCD,Chad,2018,30.62
BFA,Burkina Faso,2018,30.84
TZA,United Republic of Tanzania,2018,31.02
LSO,Lesotho,2018,31.64
GNB,Guinea-Bissau,2018,32.13
SLE,Sierra Leone,2018,32.18
THA,Thailand,2018,32.35
COD,Democratic Republic of the Congo,2018,32.96
SWZ,Eswatini,2018,33.0
MWI,Malawi,2018,33.12
SAU,Saudi Arabia,2018,33.19
NAM,Namibia,2018,34.05
BDI,Burundi,2018,35.16
SSD,South Sudan,2018,35.75
CAF,Central African Republic,2018,35.97
ERI,Eritrea,2018,37.41
LBR,Liberia,2018,37.94
VEN,Venezuela (Bolivarian Republic of),2018,38.22
DEU,Germany,2018,4.09
NLD,Netherlands,2018,4.1
ESP,Spain,2018,4.11
FIN,Finland,2018,4.45
SVN,Slovenia,2018,4.52
MLT,Malta,2018,4.63
AUS,Australia,2018,4.79
AUT,Austria,2018,4.82
ZWE,Zimbabwe,2018,40.64
FRA,France,2018,5.15
MKD,The former Yugoslav Republic of Macedonia,2018,5.18
CAN,Canada,2018,5.43
BEL,Belgium,2018,5.43
CYP,Cyprus,2018,5.47
ITA,Italy,2018,5.58
BHR,Bahrain,2018,5.66
EST,Estonia,2018,5.72
DOM,Dominican Republic,2018,53.46
SVK,Slovakia,2018,6.14
CZE,Czechia,2018,6.34
LUX,Luxembourg,2018,6.68
ISL,Iceland,2018,6.96
VCT,Saint Vincent and the Grenadines,2018,7.14
SRB,Serbia,2018,7.47
LTU,Lithuania,2018,7.51
MDA,Republic of Moldova,2018,7.68
BRN,Brunei Darussalam,2018,7.76
GRD,Grenada,2018,7.79
MNE,Montenegro,2018,7.81
AZE,Azerbaijan,2018,8.08
QAT,Qatar,2018,8.08
HUN,Hungary,2018,8.12
BHS,Bahamas,2018,8.2
GRC,Greece,2018,8.28
BLR,Belarus,2018,8.31
BRB,Barbados,2018,8.33
TUR,Türkiye,2018,8.36
HRV,Croatia,2018,8.44
KOR,Republic of Korea,2018,8.59
CUB,Cuba,2018,8.8
NZL,New Zealand,2018,8.86
BGR,Bulgaria,2018,8.92
PRT,Portugal,2018,8.99
LVA,Latvia,2018,9.07
POL,Poland,2018,9.22
ATG,Antigua and Barbuda,2017,0.0
FSM,Micronesia (Federated States of),2017,0.28
MDV,Maldives,2017,1.78
UKR,Ukraine,2017,10.34
MNE,Montenegro,2017,10.36
EGY,Egypt,2017,10.59
ROU,Romania,2017,10.61
TTO,Trinidad and Tobago,2017,11.07
FJI,Fiji,2017,11.1
UZB,Uzbekistan,2017,11.22
ALB,Albania,2017,11.44
SYC,Seychelles,2017,11.44
PHL,Philippines,2017,11.76
IDN,Indonesia,2017,11.84
MUS,Mauritius,2017,12.54
TLS,Timor-Leste,2017,12.6
USA,United States of America,2017,12.78
WSM,Samoa,2017,13.03
MEX,Mexico,2017,13.14
ARE,United Arab Emirates,2017,13.26
PAK,Pakistan,2017,13.28
GEO,Georgia,2017,13.3
PAN,Panama,2017,13.42
JAM,Jamaica,2017,13.5
RUS,Russian Federation,2017,13.52
PER,Peru,2017,13.83
KAZ,Kazakhstan,2017,13.88
PNG,Papua New Guinea,2017,13.9
CHL,Chile,2017,13.97
ARG,Argentina,2017,14.0
URY,Uruguay,2017,14.11
OMN,Oman,2017,14.15
TKM,Turkmenistan,2017,14.58
CRI,Costa Rica,2017,14.71
AFG,Afghanistan,2017,15.13
IND,India,2017,15.16
VUT,Vanuatu,2017,15.27
BGD,Bangladesh,2017,15.62
BIH,Bosnia and Herzegovina,2017,15.62
BTN,Bhutan,2017,15.68
SUR,Suriname,2017,16.0
NPL,Nepal,2017,16.2
HND,Honduras,2017,16.2
NIC,Nicaragua,2017,16.25
LKA,Sri Lanka,2017,16.25
LBN,Lebanon,2017,16.33
ARM,Armenia,2017,16.39
KGZ,Kyrgyzstan,2017,16.53
SLB,Solomon Islands,2017,16.72
LAO,Lao People's Democratic Republic,2017,16.78
KWT,Kuwait,2017,17.09
SYR,Syrian Arab Republic,2017,17.11
COL,Colombia,2017,17.2
TON,Tonga,2017,17.33
CHN,China,2017,17.78
TJK,Tajikistan,2017,18.02
GTM,Guatemala,2017,18.11
KHM,Cambodia,2017,18.39
HTI,Haiti,2017,18.42
BRA,Brazil,2017,18.69
MAR,Morocco,2017,19.14
BLZ,Belize,2017,19.44
NOR,Norway,2017,2.12
KIR,Kiribati,2017,2.36
SGP,Singapore,2017,2.48
SWE,Sweden,2017,2.73
CHE,Switzerland,2017,2.8
MMR,Myanmar,2017,20.03
BOL,Bolivia (Plurinational State of),2017,20.32
IRQ,Iraq,2017,20.43
ZMB,Zambia,2017,20.57
SLV,El Salvador,2017,20.63
IRN,Iran (Islamic Republic of),2017,20.7
MNG,Mongolia,2017,20.75
DZA,Algeria,2017,21.01
NGA,Nigeria,2017,21.13
LBY,Libya,2017,21.32
ECU,Ecuador,2017,21.33
JOR,Jordan,2017,21.52
TUN,Tunisia,2017,21.52
PRY,Paraguay,2017,22.19
GUY,Guyana,2017,22.73
MYS,Malaysia,2017,22.9
MLI,Mali,2017,22.99
ZAF,South Africa,2017,23.18
CIV,Côte d’Ivoire,2017,23.63
DJI,Djibouti,2017,23.69
PRK,Democratic People's Republic of Korea,2017,23.76
SEN,Senegal,2017,23.8
LCA,Saint Lucia,2017,23.84
GAB,Gabon,2017,23.91
GHA,Ghana,2017,24.92
BWA,Botswana,2017,25.03
GNQ,Equatorial Guinea,2017,25.44
AGO,Angola,2017,25.47
MRT,Mauritania,2017,25.66
NER,Niger,2017,25.81
CPV,Cabo Verde,2017,25.86
COM,Comoros,2017,26.6
SDN,Sudan,2017,26.87
ETH,Ethiopia,2017,26.98
BEN,Benin,2017,27.02
STP,Sao Tome and Principe,2017,27.35
SOM,Somalia,2017,27.38
YEM,Yemen,2017,27.46
KEN,Kenya,2017,27.68
VNM,Viet Nam,2017,27.84
GMB,Gambia,2017,28.63
COG,Congo,2017,28.64
MDG,Madagascar,2017,28.81
TCD,Chad,2017,28.92
TGO,Togo,2017,29.16
CMR,Cameroon,2017,29.66
GIN,Guinea,2017,29.79
UGA,Uganda,2017,29.94
GBR,United Kingdom of Great Britain and Northern Ireland,2017,3.02
DNK,Denmark,2017,3.27
IRL,Ireland,2017,3.41
NLD,Netherlands,2017,3.71
JPN,Japan,2017,3.88
DEU,Germany,2017,3.99
MOZ,Mozambique,2017,30.18
RWA,Rwanda,2017,30.38
SAU,Saudi Arabia,2017,30.64
BFA,Burkina Faso,2017,30.66
TZA,United Republic of Tanzania,2017,30.92
SLE,Sierra Leone,2017,31.35
GNB,Guinea-Bissau,2017,32.04
SWZ,Eswatini,2017,32.58
MWI,Malawi,2017,32.85
COD,Democratic Republic of the Congo,2017,33.18
NAM,Namibia,2017,33.3
SSD,South Sudan,2017,34.69
BDI,Burundi,2017,34.86
THA,Thailand,2017,35.11
CAF,Central African Republic,2017,35.35
ERI,Eritrea,2017,36.93
LBR,Liberia,2017,37.0
VEN,Venezuela (Bolivarian Republic of),2017,37.77
ISR,Israel,2017,4.02
EST,Estonia,2017,4.07
ESP,Spain,2017,4.17
FIN,Finland,2017,4.45
LUX,Luxembourg,2017,4.79
MLT,Malta,2017,4.9
AUT,Austria,2017,4.92
ZWE,Zimbabwe,2017,40.05
LSO,Lesotho,2017,42.58
DOM,Dominican Republic,2017,46.3
SVN,Slovenia,2017,5.15
AUS,Australia,2017,5.2
FRA,France,2017,5.48
BEL,Belgium,2017,5.5
ISL,Iceland,2017,5.54
CAN,Canada,2017,5.59
CZE,Czechia,2017,5.59
ITA,Italy,2017,5.65
CYP,Cyprus,2017,5.96
MKD,The former Yugoslav Republic of Macedonia,2017,6.06
BHR,Bahrain,2017,6.19
SVK,Slovakia,2017,6.23
VCT,Saint Vincent and the Grenadines,2017,6.88
GRD,Grenada,2017,7.61
PRT,Portugal,2017,7.99
HUN,Hungary,2017,7.99
BRN,Brunei Darussalam,2017,8.08
LVA,Latvia,2017,8.1
LTU,Lithuania,2017,8.18
MDA,Republic of Moldova,2017,8.45
AZE,Azerbaijan,2017,8.48
BRB,Barbados,2017,8.5
SRB,Serbia,2017,8.56
GRC,Greece,2017,8.61
BHS,Bahamas,2017,8.66
QAT,Qatar,2017,8.68
CUB,Cuba,2017,8.7
HRV,Croatia,2017,8.74
BLR,Belarus,2017,8.92
NZL,New Zealand,2017,8.96
POL,Poland,2017,9.12
TUR,Türkiye,2017,9.44
KOR,Republic of Korea,2017,9.52
BGR,Bulgaria,2017,9.9
ATG,Antigua and Barbuda,2016,0.0
MDV,Maldives,2016,0.86
FSM,Micronesia (Federated States of),2016,1.81
BGR,Bulgaria,2016,10.21
ROU,Romania,2016,10.33
MNE,Montenegro,2016,10.68
WSM,Samoa,2016,11.31
UZB,Uzbekistan,2016,11.5
TTO,Trinidad and Tobago,2016,11.98
IDN,Indonesia,2016,12.15
PHL,Philippines,2016,12.24
CHL,Chile,2016,12.33
USA,United States of America,2016,12.86
JAM,Jamaica,2016,13.1
TLS,Timor-Leste,2016,13.2
URY,Uruguay,2016,13.43
PAK,Pakistan,2016,13.55
MEX,Mexico,2016,13.56
UKR,Ukraine,2016,13.62
MUS,Mauritius,2016,13.71
ALB,Albania,2016,13.82
PER,Peru,2016,13.86
PNG,Papua New Guinea,2016,13.9
ARG,Argentina,2016,14.06
TKM,Turkmenistan,2016,14.16
PAN,Panama,2016,14.24
SUR,Suriname,2016,14.34
RUS,Russian Federation,2016,14.41
LKA,Sri Lanka,2016,14.73
AFG,Afghanistan,2016,14.81
GEO,Georgia,2016,14.92
KGZ,Kyrgyzstan,2016,15.08
BOL,Bolivia (Plurinational State of),2016,15.29
IND,India,2016,15.33
VUT,Vanuatu,2016,15.45
SYC,Seychelles,2016,15.67
ARM,Armenia,2016,15.7
BGD,Bangladesh,2016,15.8
OMN,Oman,2016,15.92
NIC,Nicaragua,2016,16.12
LBN,Lebanon,2016,16.23
BIH,Bosnia and Herzegovina,2016,16.3
MNG,Mongolia,2016,16.33
LAO,Lao People's Democratic Republic,2016,16.36
HND,Honduras,2016,16.37
CRI,Costa Rica,2016,16.57
GTM,Guatemala,2016,16.63
SLB,Solomon Islands,2016,16.79
NPL,Nepal,2016,16.95
KAZ,Kazakhstan,2016,17.71
KHM,Cambodia,2016,17.78
TON,Tonga,2016,17.8
ARE,United Arab Emirates,2016,17.93
CHN,China,2016,18.02
KWT,Kuwait,2016,18.07
TJK,Tajikistan,2016,18.2
HTI,Haiti,2016,18.27
COL,Colombia,2016,18.57
BTN,Bhutan,2016,18.87
MAR,Morocco,2016,19.69
MMR,Myanmar,2016,19.87
BRA,Brazil,2016,19.89
CHE,Switzerland,2016,2.66
NOR,Norway,2016,2.72
SGP,Singapore,2016,2.74
IRQ,Iraq,2016,20.4
IRN,Iran (Islamic Republic of),2016,20.65
DZA,Algeria,2016,21.05
ECU,Ecuador,2016,21.16
ZMB,Zambia,2016,21.22
NGA,Nigeria,2016,21.4
SLV,El Salvador,2016,22.2
PRY,Paraguay,2016,22.56
TUN,Tunisia,2016,22.96
GAB,Gabon,2016,23.09
MLI,Mali,2016,23.15
CIV,Côte d’Ivoire,2016,23.43
DJI,Djibouti,2016,23.79
MYS,Malaysia,2016,24.03
SEN,Senegal,2016,24.07
PRK,Democratic People's Republic of Korea,2016,24.09
JOR,Jordan,2016,24.14
GUY,Guyana,2016,24.63
GHA,Ghana,2016,24.64
GNQ,Equatorial Guinea,2016,24.69
AGO,Angola,2016,24.75
BWA,Botswana,2016,24.77
LBY,Libya,2016,25.19
CPV,Cabo Verde,2016,25.42
SDN,Sudan,2016,25.54
MRT,Mauritania,2016,25.56
ZAF,South Africa,2016,25.81
NER,Niger,2016,26.04
ETH,Ethiopia,2016,26.38
COM,Comoros,2016,26.52
VNM,Viet Nam,2016,26.67
STP,Sao Tome and Principe,2016,27.06
YEM,Yemen,2016,27.3
SOM,Somalia,2016,27.38
TCD,Chad,2016,27.4
KEN,Kenya,2016,27.45
BEN,Benin,2016,27.46
SYR,Syrian Arab Republic,2016,27.51
GMB,Gambia,2016,28.15
BLZ,Belize,2016,28.19
COG,Congo,2016,28.21
MDG,Madagascar,2016,28.55
SAU,Saudi Arabia,2016,28.7
CMR,Cameroon,2016,29.53
TGO,Togo,2016,29.61
GIN,Guinea,2016,29.73
GBR,United Kingdom of Great Britain and Northern Ireland,2016,3.05
SWE,Sweden,2016,3.13
NLD,Netherlands,2016,3.82
DNK,Denmark,2016,3.97
RWA,Rwanda,2016,30.29
UGA,Uganda,2016,30.36
BFA,Burkina Faso,2016,30.49
SLE,Sierra Leone,2016,30.52
TZA,United Republic of Tanzania,2016,30.64
LSO,Lesotho,2016,30.78
MOZ,Mozambique,2016,31.14
GNB,Guinea-Bissau,2016,31.7
NAM,Namibia,2016,31.98
SWZ,Eswatini,2016,32.41
MWI,Malawi,2016,32.55
THA,Thailand,2016,32.55
COD,Democratic Republic of the Congo,2016,33.67
SSD,South Sudan,2016,33.8
CAF,Central African Republic,2016,34.07
BDI,Burundi,2016,34.81
LCA,Saint Lucia,2016,34.99
DOM,Dominican Republic,2016,35.43
VEN,Venezuela (Bolivarian Republic of),2016,35.64
LBR,Liberia,2016,36.13
ERI,Eritrea,2016,37.17
ZWE,Zimbabwe,2016,39.92
DEU,Germany,2016,4.05
JPN,Japan,2016,4.09
ESP,Spain,2016,4.12
IRL,Ireland,2016,4.13
ISR,Israel,2016,4.25
KIR,Kiribati,2016,4.44
FIN,Finland,2016,4.73
AUT,Austria,2016,5.17
CYP,Cyprus,2016,5.21
ITA,Italy,2016,5.49
FRA,France,2016,5.54
AUS,Australia,2016,5.57
BRB,Barbados,2016,5.6
BEL,Belgium,2016,5.79
CAN,Canada,2016,5.82
CZE,Czechia,2016,5.93
MLT,Malta,2016,5.96
EST,Estonia,2016,6.08
LUX,Luxembourg,2016,6.21
SVK,Slovakia,2016,6.31
VCT,Saint Vincent and the Grenadines,2016,6.39
MKD,The former Yugoslav Republic of Macedonia,2016,6.44
SVN,Slovenia,2016,6.46
ISL,Iceland,2016,6.62
BHR,Bahrain,2016,6.94
SRB,Serbia,2016,7.36
PRT,Portugal,2016,7.44
HUN,Hungary,2016,7.75
NZL,New Zealand,2016,7.81
HRV,Croatia,2016,8.08
LTU,Lithuania,2016,8.1
BHS,Bahamas,2016,8.2
CUB,Cuba,2016,8.6
AZE,Azerbaijan,2016,8.68
BLR,Belarus,2016,8.91
QAT,Qatar,2016,9.0
BRN,Brunei Darussalam,2016,9.05
GRD,Grenada,2016,9.07
LVA,Latvia,2016,9.32
TUR,Türkiye,2016,9.43
GRC,Greece,2016,9.67
MDA,Republic of Moldova,2016,9.69
POL,Poland,2016,9.73
KOR,Republic of Korea,2016,9.79
EGY,Egypt,2016,9.83
FJI,Fiji,2016,9.86
ATG,Antigua and Barbuda,2015,0.0
FSM,Micronesia (Federated States of),2015,0.92
ROU,Romania,2015,10.0
BLR,Belarus,2015,10.07
BGR,Bulgaria,2015,10.14
AZE,Azerbaijan,2015,10.34
MDA,Republic of Moldova,2015,10.37
LTU,Lithuania,2015,10.47
KOR,Republic of Korea,2015,10.62
FJI,Fiji,2015,10.71
QAT,Qatar,2015,11.11
LVA,Latvia,2015,11.16
WSM,Samoa,2015,11.37
SUR,Suriname,2015,11.45
EGY,Egypt,2015,11.66
UZB,Uzbekistan,2015,11.94
USA,United States of America,2015,12.06
CHL,Chile,2015,12.27
IDN,Indonesia,2015,12.28
PHL,Philippines,2015,12.46
UKR,Ukraine,2015,12.9
TLS,Timor-Leste,2015,13.12
TTO,Trinidad and Tobago,2015,13.14
JAM,Jamaica,2015,13.28
BRB,Barbados,2015,13.32
PAK,Pakistan,2015,13.54
MEX,Mexico,2015,13.6
SYC,Seychelles,2015,13.69
ALB,Albania,2015,13.77
MUS,Mauritius,2015,13.82
PER,Peru,2015,13.85
ARG,Argentina,2015,13.88
LKA,Sri Lanka,2015,13.89
GTM,Guatemala,2015,14.0
PNG,Papua New Guinea,2015,14.09
PAN,Panama,2015,14.24
AFG,Afghanistan,2015,14.36
BTN,Bhutan,2015,15.11
LAO,Lao People's Democratic Republic,2015,15.22
URY,Uruguay,2015,15.3
VUT,Vanuatu,2015,15.49
IND,India,2015,15.61
GEO,Georgia,2015,15.75
BGD,Bangladesh,2015,15.81
BIH,Bosnia and Herzegovina,2015,15.83
HND,Honduras,2015,16.03
NIC,Nicaragua,2015,16.13
LBN,Lebanon,2015,16.2
NPL,Nepal,2015,16.3
OMN,Oman,2015,16.31
TKM,Turkmenistan,2015,16.35
CRI,Costa Rica,2015,16.46
ARM,Armenia,2015,16.75
SLB,Solomon Islands,2015,16.91
KHM,Cambodia,2015,17.37
KGZ,Kyrgyzstan,2015,17.49
RUS,Russian Federation,2015,17.49
COL,Colombia,2015,17.97
HTI,Haiti,2015,17.99
ARE,United Arab Emirates,2015,18.09
CHN,China,2015,18.25
TJK,Tajikistan,2015,18.36
KAZ,Kazakhstan,2015,18.39
BOL,Bolivia (Plurinational State of),2015,18.8
KWT,Kuwait,2015,18.85
LCA,Saint Lucia,2015,18.98
MNG,Mongolia,2015,19.44
MMR,Myanmar,2015,19.73
MAR,Morocco,2015,19.74
NOR,Norway,2015,2.56
MDV,Maldives,2015,2.64
MLT,Malta,2015,2.77
GBR,United Kingdom of Great Britain and Northern Ireland,2015,2.93
SGP,Singapore,2015,2.99
IRQ,Iraq,2015,20.46
BRA,Brazil,2015,20.79
SLV,El Salvador,2015,20.82
ZMB,Zambia,2015,20.86
DZA,Algeria,2015,21.18
NGA,Nigeria,2015,21.39
IRN,Iran (Islamic Republic of),2015,21.78
PRY,Paraguay,2015,22.01
MYS,Malaysia,2015,22.84
TUN,Tunisia,2015,22.89
GAB,Gabon,2015,22.9
CIV,Côte d’Ivoire,2015,23.16
MLI,Mali,2015,23.25
ECU,Ecuador,2015,23.46
PRK,Democratic People's Republic of Korea,2015,23.49
AGO,Angola,2015,23.62
GNQ,Equatorial Guinea,2015,23.79
DJI,Djibouti,2015,23.85
JOR,Jordan,2015,23.96
SEN,Senegal,2015,24.06
ZAF,South Africa,2015,24.09
LBY,Libya,2015,24.27
GHA,Ghana,2015,24.36
GUY,Guyana,2015,24.37
BWA,Botswana,2015,24.8
CPV,Cabo Verde,2015,24.96
SDN,Sudan,2015,25.15
VNM,Viet Nam,2015,25.45
BLZ,Belize,2015,25.47
TCD,Chad,2015,25.72
MRT,Mauritania,2015,25.75
SYR,Syrian Arab Republic,2015,25.91
YEM,Yemen,2015,26.02
ETH,Ethiopia,2015,26.04
NER,Niger,2015,26.07
SAU,Saudi Arabia,2015,26.21
COM,Comoros,2015,26.63
STP,Sao Tome and Principe,2015,27.08
SOM,Somalia,2015,27.17
BEN,Benin,2015,27.3
KEN,Kenya,2015,27.3
COG,Congo,2015,27.58
GMB,Gambia,2015,27.76
MDG,Madagascar,2015,28.34
CMR,Cameroon,2015,29.0
TGO,Togo,2015,29.92
GIN,Guinea,2015,29.94
CHE,Switzerland,2015,3.15
SWE,Sweden,2015,3.21
DNK,Denmark,2015,3.47
IRL,Ireland,2015,3.59
KIR,Kiribati,2015,3.61
NLD,Netherlands,2015,3.78
LSO,Lesotho,2015,30.15
RWA,Rwanda,2015,30.21
UGA,Uganda,2015,30.28
SLE,Sierra Leone,2015,30.35
BFA,Burkina Faso,2015,30.42
MOZ,Mozambique,2015,30.71
TZA,United Republic of Tanzania,2015,30.8
SWZ,Eswatini,2015,31.52
NAM,Namibia,2015,31.97
GNB,Guinea-Bissau,2015,32.06
MWI,Malawi,2015,32.37
THA,Thailand,2015,32.82
DOM,Dominican Republic,2015,32.86
SSD,South Sudan,2015,33.06
COD,Democratic Republic of the Congo,2015,33.49
CAF,Central African Republic,2015,34.01
BDI,Burundi,2015,34.43
VEN,Venezuela (Bolivarian Republic of),2015,34.91
LBR,Liberia,2015,35.19
ERI,Eritrea,2015,36.94
ZWE,Zimbabwe,2015,38.75
ISR,Israel,2015,4.16
JPN,Japan,2015,4.22
ESP,Spain,2015,4.23
DEU,Germany,2015,4.36
ISL,Iceland,2015,4.85
FIN,Finland,2015,5.07
AUS,Australia,2015,5.19
FRA,France,2015,5.54
AUT,Austria,2015,5.69
CAN,Canada,2015,5.75
ITA,Italy,2015,5.88
SVN,Slovenia,2015,6.04
SVK,Slovakia,2015,6.39
EST,Estonia,2015,6.39
VCT,Saint Vincent and the Grenadines,2015,6.41
LUX,Luxembourg,2015,6.53
BEL,Belgium,2015,6.69
CYP,Cyprus,2015,6.72
SRB,Serbia,2015,6.73
TON,Tonga,2015,6.95
CZE,Czechia,2015,7.18
MKD,The former Yugoslav Republic of Macedonia,2015,7.36
BHR,Bahrain,2015,7.51
NZL,New Zealand,2015,7.71
HUN,Hungary,2015,7.84
GRD,Grenada,2015,8.21
BHS,Bahamas,2015,8.26
PRT,Portugal,2015,8.26
MNE,Montenegro,2015,8.45
BRN,Brunei Darussalam,2015,8.92
CUB,Cuba,2015,9.01
HRV,Croatia,2015,9.26
GRC,Greece,2015,9.27
POL,Poland,2015,9.34
TUR,Türkiye,2015,9.89
ATG,Antigua and Barbuda,2014,0.55
FSM,Micronesia (Federated States of),2014,0.93
ISL,Iceland,2014,1.83
POL,Poland,2014,10.36
MNE,Montenegro,2014,10.69
KOR,Republic of Korea,2014,10.87
UZB,Uzbekistan,2014,10.87
PHL,Philippines,2014,10.92
LTU,Lithuania,2014,11.21
MDA,Republic of Moldova,2014,11.27
USA,United States of America,2014,11.32
WSM,Samoa,2014,11.45
BLR,Belarus,2014,11.48
JAM,Jamaica,2014,11.5
BTN,Bhutan,2014,11.82
LKA,Sri Lanka,2014,12.1
CHL,Chile,2014,12.3
EGY,Egypt,2014,12.34
LVA,Latvia,2014,12.37
IDN,Indonesia,2014,12.74
SYC,Seychelles,2014,12.74
GTM,Guatemala,2014,12.84
LCA,Saint Lucia,2014,12.9
TLS,Timor-Leste,2014,13.03
MUS,Mauritius,2014,13.12
AZE,Azerbaijan,2014,13.16
MEX,Mexico,2014,13.3
ARG,Argentina,2014,13.37
QAT,Qatar,2014,13.42
PAK,Pakistan,2014,13.55
PER,Peru,2014,13.55
ALB,Albania,2014,13.6
UKR,Ukraine,2014,13.75
AFG,Afghanistan,2014,14.06
PAN,Panama,2014,14.2
CRI,Costa Rica,2014,14.22
PNG,Papua New Guinea,2014,14.35
GEO,Georgia,2014,14.5
VUT,Vanuatu,2014,14.78
TTO,Trinidad and Tobago,2014,14.83
BIH,Bosnia and Herzegovina,2014,15.45
BGD,Bangladesh,2014,15.91
NPL,Nepal,2014,15.94
LBN,Lebanon,2014,16.1
IND,India,2014,16.11
HND,Honduras,2014,16.15
NIC,Nicaragua,2014,16.17
SUR,Suriname,2014,16.27
URY,Uruguay,2014,16.32
TKM,Turkmenistan,2014,16.34
LAO,Lao People's Democratic Republic,2014,16.37
ARM,Armenia,2014,16.65
SLB,Solomon Islands,2014,16.86
COL,Colombia,2014,16.91
KGZ,Kyrgyzstan,2014,17.3
KHM,Cambodia,2014,17.35
ARE,United Arab Emirates,2014,17.76
HTI,Haiti,2014,17.86
TJK,Tajikistan,2014,18.36
CHN,China,2014,18.83
KWT,Kuwait,2014,19.05
KAZ,Kazakhstan,2014,19.29
MMR,Myanmar,2014,19.62
MAR,Morocco,2014,19.84
BOL,Bolivia (Plurinational State of),2014,19.89
MLT,Malta,2014,2.32
MDV,Maldives,2014,2.53
RUS,Russian Federation,2014,20.35
SLV,El Salvador,2014,20.4
IRQ,Iraq,2014,20.51
ZMB,Zambia,2014,20.58
OMN,Oman,2014,20.88
DZA,Algeria,2014,21.21
PRY,Paraguay,2014,21.79
NGA,Nigeria,2014,21.94
IRN,Iran (Islamic Republic of),2014,22.46
TUN,Tunisia,2014,22.75
GAB,Gabon,2014,22.79
GNQ,Equatorial Guinea,2014,22.99
CIV,Côte d’Ivoire,2014,23.03
MYS,Malaysia,2014,23.04
AGO,Angola,2014,23.19
MLI,Mali,2014,23.42
PRK,Democratic People's Republic of Korea,2014,23.53
BRA,Brazil,2014,23.62
LBY,Libya,2014,23.63
DJI,Djibouti,2014,23.81
MNG,Mongolia,2014,23.81
JOR,Jordan,2014,23.92
GHA,Ghana,2014,23.96
ECU,Ecuador,2014,23.98
ZAF,South Africa,2014,24.01
SEN,Senegal,2014,24.14
BWA,Botswana,2014,24.23
BLZ,Belize,2014,24.32
YEM,Yemen,2014,24.32
CPV,Cabo Verde,2014,24.5
TCD,Chad,2014,24.63
VNM,Viet Nam,2014,24.67
SYR,Syrian Arab Republic,2014,24.82
SDN,Sudan,2014,24.93
SAU,Saudi Arabia,2014,24.96
MRT,Mauritania,2014,25.59
ETH,Ethiopia,2014,25.82
NER,Niger,2014,26.08
COM,Comoros,2014,26.34
STP,Sao Tome and Principe,2014,26.57
KEN,Kenya,2014,26.64
BEN,Benin,2014,27.03
SOM,Somalia,2014,27.22
GMB,Gambia,2014,27.27
COG,Congo,2014,27.32
MDG,Madagascar,2014,28.11
GUY,Guyana,2014,28.43
SLE,Sierra Leone,2014,28.72
CMR,Cameroon,2014,28.9
LSO,Lesotho,2014,29.51
GIN,Guinea,2014,29.81
RWA,Rwanda,2014,29.89
NOR,Norway,2014,3.01
CHE,Switzerland,2014,3.06
SGP,Singapore,2014,3.15
SWE,Sweden,2014,3.17
GBR,United Kingdom of Great Britain and Northern Ireland,2014,3.22
DNK,Denmark,2014,3.46
NLD,Netherlands,2014,3.48
ISR,Israel,2014,3.56
UGA,Uganda,2014,30.22
BFA,Burkina Faso,2014,30.23
TGO,Togo,2014,30.27
MOZ,Mozambique,2014,30.44
TZA,United Republic of Tanzania,2014,30.62
NAM,Namibia,2014,31.05
SWZ,Eswatini,2014,31.14
DOM,Dominican Republic,2014,31.69
SSD,South Sudan,2014,31.87
MWI,Malawi,2014,32.12
GNB,Guinea-Bissau,2014,32.2
THA,Thailand,2014,32.6
BDI,Burundi,2014,33.59
COD,Democratic Republic of the Congo,2014,33.6
CAF,Central African Republic,2014,33.68
VEN,Venezuela (Bolivarian Republic of),2014,34.48
LBR,Liberia,2014,34.8
ERI,Eritrea,2014,35.0
ZWE,Zimbabwe,2014,37.91
ESP,Spain,2014,4.2
JPN,Japan,2014,4.23
IRL,Ireland,2014,4.3
DEU,Germany,2014,4.3
FIN,Finland,2014,4.41
KIR,Kiribati,2014,4.57
GRD,Grenada,2014,4.59
AUT,Austria,2014,5.14
CYP,Cyprus,2014,5.29
AUS,Australia,2014,5.37
FRA,France,2014,5.44
SVN,Slovenia,2014,5.47
CAN,Canada,2014,5.79
ITA,Italy,2014,5.84
TON,Tonga,2014,5.94
EST,Estonia,2014,6.08
VCT,Saint Vincent and the Grenadines,2014,6.43
MKD,The former Yugoslav Republic of Macedonia,2014,6.45
LUX,Luxembourg,2014,6.49
SVK,Slovakia,2014,6.56
BEL,Belgium,2014,6.68
CZE,Czechia,2014,6.69
NZL,New Zealand,2014,7.16
BHR,Bahrain,2014,7.33
SRB,Serbia,2014,7.45
HUN,Hungary,2014,7.99
FJI,Fiji,2014,8.08
BHS,Bahamas,2014,8.11
HRV,Croatia,2014,8.15
BRB,Barbados,2014,8.43
PRT,Portugal,2014,8.48
CUB,Cuba,2014,8.49
BRN,Brunei Darussalam,2014,8.54
GRC,Greece,2014,9.29
BGR,Bulgaria,2014,9.38
TUR,Türkiye,2014,9.65
ROU,Romania,2014,9.96
KIR,Kiribati,2013,0.93
ATG,Antigua and Barbuda,2013,1.68
FSM,Micronesia (Federated States of),2013,1.89
TUR,Türkiye,2013,10.31
GRC,Greece,2013,10.33
EGY,Egypt,2013,10.5
PHL,Philippines,2013,10.63
JAM,Jamaica,2013,10.72
POL,Poland,2013,10.76
MDA,Republic of Moldova,2013,10.77
USA,United States of America,2013,11.43
UZB,Uzbekistan,2013,11.63
KOR,Republic of Korea,2013,11.78
BTN,Bhutan,2013,11.83
MNE,Montenegro,2013,12.13
MUS,Mauritius,2013,12.19
CHL,Chile,2013,12.38
LKA,Sri Lanka,2013,12.63
PAN,Panama,2013,12.88
IDN,Indonesia,2013,12.9
GTM,Guatemala,2013,13.07
GEO,Georgia,2013,13.09
VUT,Vanuatu,2013,13.25
MEX,Mexico,2013,13.34
BLR,Belarus,2013,13.57
CRI,Costa Rica,2013,13.58
NIC,Nicaragua,2013,13.69
PAK,Pakistan,2013,13.71
AZE,Azerbaijan,2013,13.81
ALB,Albania,2013,13.88
TTO,Trinidad and Tobago,2013,13.96
AFG,Afghanistan,2013,13.97
PER,Peru,2013,14.0
BRB,Barbados,2013,14.1
BHS,Bahamas,2013,14.13
QAT,Qatar,2013,14.21
LAO,Lao People's Democratic Republic,2013,14.34
ARG,Argentina,2013,14.34
SUR,Suriname,2013,14.43
UKR,Ukraine,2013,14.56
TLS,Timor-Leste,2013,14.83
BIH,Bosnia and Herzegovina,2013,15.36
NPL,Nepal,2013,15.74
BGD,Bangladesh,2013,15.92
LBN,Lebanon,2013,15.95
PNG,Papua New Guinea,2013,16.29
HND,Honduras,2013,16.42
COL,Colombia,2013,16.71
ARM,Armenia,2013,16.77
IND,India,2013,17.0
TKM,Turkmenistan,2013,17.03
KHM,Cambodia,2013,17.14
SLB,Solomon Islands,2013,17.15
URY,Uruguay,2013,17.26
HTI,Haiti,2013,17.65
ARE,United Arab Emirates,2013,17.65
LCA,Saint Lucia,2013,18.03
IRQ,Iraq,2013,18.03
WSM,Samoa,2013,18.35
TJK,Tajikistan,2013,18.6
SLV,El Salvador,2013,19.02
MMR,Myanmar,2013,19.49
CHN,China,2013,19.62
GUY,Guyana,2013,19.76
GBR,United Kingdom of Great Britain and Northern Ireland,2013,2.86
MDV,Maldives,2013,2.89
MAR,Morocco,2013,20.08
KGZ,Kyrgyzstan,2013,20.17
ZMB,Zambia,2013,20.37
RUS,Russian Federation,2013,20.67
MNG,Mongolia,2013,20.72
BWA,Botswana,2013,20.9
DZA,Algeria,2013,21.11
KWT,Kuwait,2013,21.58
BLZ,Belize,2013,21.68
NGA,Nigeria,2013,22.02
ECU,Ecuador,2013,22.09
SDN,Sudan,2013,22.19
GNQ,Equatorial Guinea,2013,22.2
AGO,Angola,2013,22.36
KAZ,Kazakhstan,2013,22.76
ZAF,South Africa,2013,22.83
TUN,Tunisia,2013,22.84
LBY,Libya,2013,23.02
SYR,Syrian Arab Republic,2013,23.04
BRA,Brazil,2013,23.14
PRY,Paraguay,2013,23.22
PRK,Democratic People's Republic of Korea,2013,23.22
YEM,Yemen,2013,23.4
GHA,Ghana,2013,23.43
BOL,Bolivia (Plurinational State of),2013,23.49
CIV,Côte d’Ivoire,2013,23.53
GAB,Gabon,2013,23.63
MLI,Mali,2013,23.67
DJI,Djibouti,2013,23.77
JOR,Jordan,2013,23.86
TCD,Chad,2013,23.99
CPV,Cabo Verde,2013,24.04
MYS,Malaysia,2013,24.19
IRN,Iran (Islamic Republic of),2013,24.26
SEN,Senegal,2013,24.59
VNM,Viet Nam,2013,24.99
OMN,Oman,2013,24.99
MRT,Mauritania,2013,25.46
ETH,Ethiopia,2013,25.77
NER,Niger,2013,26.07
SAU,Saudi Arabia,2013,26.28
KEN,Kenya,2013,26.43
STP,Sao Tome and Principe,2013,26.55
COM,Comoros,2013,26.57
GMB,Gambia,2013,26.68
COG,Congo,2013,26.95
SOM,Somalia,2013,26.98
BEN,Benin,2013,26.98
MDG,Madagascar,2013,27.73
SLE,Sierra Leone,2013,28.44
CMR,Cameroon,2013,28.7
LSO,Lesotho,2013,28.8
GIN,Guinea,2013,29.51
BFA,Burkina Faso,2013,29.79
UGA,Uganda,2013,29.94
SWE,Sweden,2013,3.13
SGP,Singapore,2013,3.17
CHE,Switzerland,2013,3.42
NLD,Netherlands,2013,3.49
DNK,Denmark,2013,3.51
ISR,Israel,2013,3.7
NOR,Norway,2013,3.8
NAM,Namibia,2013,30.27
MOZ,Mozambique,2013,30.28
TZA,United Republic of Tanzania,2013,30.29
TGO,Togo,2013,30.67
SWZ,Eswatini,2013,30.73
SSD,South Sudan,2013,31.18
GNB,Guinea-Bissau,2013,31.49
MWI,Malawi,2013,31.83
RWA,Rwanda,2013,32.37
CAF,Central African Republic,2013,33.27
BDI,Burundi,2013,33.8
COD,Democratic Republic of the Congo,2013,33.97
LBR,Liberia,2013,34.13
ERI,Eritrea,2013,34.53
VEN,Venezuela (Bolivarian Republic of),2013,35.38
THA,Thailand,2013,36.04
ZWE,Zimbabwe,2013,37.68
DOM,Dominican Republic,2013,39.96
ESP,Spain,2013,4.03
IRL,Ireland,2013,4.2
DEU,Germany,2013,4.38
JPN,Japan,2013,4.51
MLT,Malta,2013,4.69
ISL,Iceland,2013,4.89
FIN,Finland,2013,4.93
CYP,Cyprus,2013,4.98
SVK,Slovakia,2013,5.23
AUS,Australia,2013,5.26
FRA,France,2013,5.27
AUT,Austria,2013,5.48
ITA,Italy,2013,5.83
NZL,New Zealand,2013,6.17
SVN,Slovenia,2013,6.25
CAN,Canada,2013,6.27
CZE,Czechia,2013,6.37
FJI,Fiji,2013,6.82
BEL,Belgium,2013,6.98
EST,Estonia,2013,7.13
HUN,Hungary,2013,7.8
TON,Tonga,2013,7.86
PRT,Portugal,2013,7.91
CUB,Cuba,2013,8.04
VCT,Saint Vincent and the Grenadines,2013,8.29
GRD,Grenada,2013,8.32
LUX,Luxembourg,2013,8.33
SRB,Serbia,2013,8.42
BGR,Bulgaria,2013,8.5
SYC,Seychelles,2013,8.57
HRV,Croatia,2013,9.24
BRN,Brunei Darussalam,2013,9.64
LTU,Lithuania,2013,9.7
BHR,Bahrain,2013,9.73
ROU,Romania,2013,9.75
MKD,The former Yugoslav Republic of Macedonia,2013,9.83
LVA,Latvia,2013,9.88
FSM,Micronesia (Federated States of),2012,0.0
ATG,Antigua and Barbuda,2012,0.74
MDV,Maldives,2012,1.28
LVA,Latvia,2012,10.05
EGY,Egypt,2012,10.24
UZB,Uzbekistan,2012,10.34
ROU,Romania,2012,10.41
TUR,Türkiye,2012,10.65
SYC,Seychelles,2012,10.8
PHL,Philippines,2012,10.81
POL,Poland,2012,11.08
GRC,Greece,2012,11.25
GTM,Guatemala,2012,11.51
CHL,Chile,2012,11.73
USA,United States of America,2012,11.91
WSM,Samoa,2012,12.69
KOR,Republic of Korea,2012,12.7
QAT,Qatar,2012,12.7
LKA,Sri Lanka,2012,12.87
LTU,Lithuania,2012,12.94
BHS,Bahamas,2012,12.96
IDN,Indonesia,2012,13.05
ARG,Argentina,2012,13.1
VUT,Vanuatu,2012,13.23
AFG,Afghanistan,2012,13.79
ALB,Albania,2012,13.83
MDA,Republic of Moldova,2012,13.84
PAK,Pakistan,2012,13.84
AZE,Azerbaijan,2012,14.03
MUS,Mauritius,2012,14.04
PAN,Panama,2012,14.11
LAO,Lao People's Democratic Republic,2012,14.21
PER,Peru,2012,14.57
MEX,Mexico,2012,14.58
TLS,Timor-Leste,2012,14.65
BRB,Barbados,2012,14.8
CRI,Costa Rica,2012,14.91
NIC,Nicaragua,2012,15.21
BTN,Bhutan,2012,15.25
GEO,Georgia,2012,15.35
UKR,Ukraine,2012,15.53
URY,Uruguay,2012,15.6
BIH,Bosnia and Herzegovina,2012,15.65
SUR,Suriname,2012,15.7
NPL,Nepal,2012,15.7
BLR,Belarus,2012,15.78
TKM,Turkmenistan,2012,15.85
LBN,Lebanon,2012,15.87
BGD,Bangladesh,2012,15.93
PNG,Papua New Guinea,2012,16.2
HND,Honduras,2012,16.34
COL,Colombia,2012,16.69
ARM,Armenia,2012,17.02
KHM,Cambodia,2012,17.05
SLB,Solomon Islands,2012,17.08
IND,India,2012,17.6
TTO,Trinidad and Tobago,2012,17.85
HTI,Haiti,2012,17.88
ARE,United Arab Emirates,2012,17.89
TJK,Tajikistan,2012,18.55
IRQ,Iraq,2012,18.8
SLV,El Salvador,2012,19.0
KGZ,Kyrgyzstan,2012,19.1
MMR,Myanmar,2012,19.52
MLT,Malta,2012,2.84
GBR,United Kingdom of Great Britain and Northern Ireland,2012,2.99
CHN,China,2012,20.33
MAR,Morocco,2012,20.34
ZMB,Zambia,2012,20.44
GUY,Guyana,2012,20.52
BWA,Botswana,2012,21.16
BLZ,Belize,2012,21.3
DZA,Algeria,2012,21.36
RUS,Russian Federation,2012,21.41
MNG,Mongolia,2012,21.63
NGA,Nigeria,2012,22.09
SYR,Syrian Arab Republic,2012,22.1
SDN,Sudan,2012,22.18
GNQ,Equatorial Guinea,2012,22.21
ECU,Ecuador,2012,22.26
LBY,Libya,2012,22.26
TUN,Tunisia,2012,22.88
PRY,Paraguay,2012,22.89
BOL,Bolivia (Plurinational State of),2012,23.02
AGO,Angola,2012,23.15
PRK,Democratic People's Republic of Korea,2012,23.26
GHA,Ghana,2012,23.28
YEM,Yemen,2012,23.48
CPV,Cabo Verde,2012,23.55
KAZ,Kazakhstan,2012,23.6
DJI,Djibouti,2012,23.61
TCD,Chad,2012,23.68
MLI,Mali,2012,23.68
JOR,Jordan,2012,23.68
CIV,Côte d’Ivoire,2012,23.96
GAB,Gabon,2012,24.06
MYS,Malaysia,2012,24.53
SEN,Senegal,2012,24.68
KWT,Kuwait,2012,24.72
BRA,Brazil,2012,24.83
VNM,Viet Nam,2012,25.37
MRT,Mauritania,2012,25.44
STP,Sao Tome and Principe,2012,26.01
IRN,Iran (Islamic Republic of),2012,26.05
NER,Niger,2012,26.18
ETH,Ethiopia,2012,26.23
GMB,Gambia,2012,26.4
ZAF,South Africa,2012,26.46
KEN,Kenya,2012,26.57
COM,Comoros,2012,26.66
COG,Congo,2012,26.83
SAU,Saudi Arabia,2012,27.01
SOM,Somalia,2012,27.07
BEN,Benin,2012,27.35
MDG,Madagascar,2012,27.36
NAM,Namibia,2012,28.11
LSO,Lesotho,2012,28.54
CMR,Cameroon,2012,28.61
SLE,Sierra Leone,2012,29.26
GIN,Guinea,2012,29.42
UGA,Uganda,2012,29.48
CAF,Central African Republic,2012,29.6
BFA,Burkina Faso,2012,29.62
NOR,Norway,2012,3.01
DNK,Denmark,2012,3.07
ISL,Iceland,2012,3.38
SWE,Sweden,2012,3.47
SGP,Singapore,2012,3.5
ISR,Israel,2012,3.56
IRL,Ireland,2012,3.65
GRD,Grenada,2012,3.72
DOM,Dominican Republic,2012,30.24
TZA,United Republic of Tanzania,2012,30.31
MOZ,Mozambique,2012,30.39
SWZ,Eswatini,2012,30.48
TGO,Togo,2012,30.65
SSD,South Sudan,2012,30.97
GNB,Guinea-Bissau,2012,31.09
MWI,Malawi,2012,31.53
OMN,Oman,2012,33.56
ERI,Eritrea,2012,33.72
BDI,Burundi,2012,33.82
LBR,Liberia,2012,33.97
COD,Democratic Republic of the Congo,2012,34.04
RWA,Rwanda,2012,34.19
VEN,Venezuela (Bolivarian Republic of),2012,34.42
THA,Thailand,2012,36.32
ZWE,Zimbabwe,2012,37.32
NLD,Netherlands,2012,4.02
ESP,Spain,2012,4.25
CHE,Switzerland,2012,4.37
DEU,Germany,2012,4.7
JPN,Japan,2012,4.76
FIN,Finland,2012,4.86
VCT,Saint Vincent and the Grenadines,2012,5.53
KIR,Kiribati,2012,5.64
AUS,Australia,2012,5.85
FRA,France,2012,5.92
CYP,Cyprus,2012,6.07
LUX,Luxembourg,2012,6.43
AUT,Austria,2012,6.43
ITA,Italy,2012,6.52
MKD,The former Yugoslav Republic of Macedonia,2012,6.56
SVN,Slovenia,2012,6.61
CAN,Canada,2012,6.75
EST,Estonia,2012,6.8
BEL,Belgium,2012,7.16
CZE,Czechia,2012,7.23
MNE,Montenegro,2012,7.51
NZL,New Zealand,2012,7.61
FJI,Fiji,2012,7.63
TON,Tonga,2012,7.79
SVK,Slovakia,2012,7.91
PRT,Portugal,2012,7.95
HUN,Hungary,2012,8.23
CUB,Cuba,2012,8.33
BGR,Bulgaria,2012,8.45
SRB,Serbia,2012,8.94
BRN,Brunei Darussalam,2012,9.02
LCA,Saint Lucia,2012,9.06
JAM,Jamaica,2012,9.11
BHR,Bahrain,2012,9.46
HRV,Croatia,2012,9.59
FSM,Micronesia (Federated States of),2011,0.0
KIR,Kiribati,2011,1.91
ROU,Romania,2011,10.41
PHL,Philippines,2011,10.47
PRT,Portugal,2011,10.8
BRB,Barbados,2011,10.95
GTM,Guatemala,2011,10.96
TUR,Türkiye,2011,11.01
HRV,Croatia,2011,11.11
UZB,Uzbekistan,2011,11.26
USA,United States of America,2011,11.6
LTU,Lithuania,2011,11.77
SYC,Seychelles,2011,11.97
BRN,Brunei Darussalam,2011,12.19
CHL,Chile,2011,12.23
GRC,Greece,2011,12.25
AZE,Azerbaijan,2011,12.37
KOR,Republic of Korea,2011,12.8
WSM,Samoa,2011,12.8
POL,Poland,2011,12.84
JAM,Jamaica,2011,12.93
EGY,Egypt,2011,13.0
BHS,Bahamas,2011,13.11
GEO,Georgia,2011,13.28
CRI,Costa Rica,2011,13.3
QAT,Qatar,2011,13.31
VUT,Vanuatu,2011,13.6
MDA,Republic of Moldova,2011,13.63
IDN,Indonesia,2011,13.76
ARG,Argentina,2011,13.86
PAN,Panama,2011,14.0
LAO,Lao People's Democratic Republic,2011,14.02
LKA,Sri Lanka,2011,14.14
AFG,Afghanistan,2011,14.22
ALB,Albania,2011,14.31
NIC,Nicaragua,2011,14.33
MEX,Mexico,2011,14.36
PAK,Pakistan,2011,14.76
LBN,Lebanon,2011,14.84
BIH,Bosnia and Herzegovina,2011,14.89
MUS,Mauritius,2011,15.03
UKR,Ukraine,2011,15.18
TLS,Timor-Leste,2011,15.36
COL,Colombia,2011,15.76
TTO,Trinidad and Tobago,2011,15.94
NPL,Nepal,2011,16.08
PER,Peru,2011,16.17
HND,Honduras,2011,16.32
TKM,Turkmenistan,2011,16.58
BTN,Bhutan,2011,16.73
BGD,Bangladesh,2011,16.83
PNG,Papua New Guinea,2011,16.84
SLB,Solomon Islands,2011,17.36
IND,India,2011,17.43
URY,Uruguay,2011,17.51
BOL,Bolivia (Plurinational State of),2011,17.52
ARM,Armenia,2011,17.73
KHM,Cambodia,2011,17.96
BLZ,Belize,2011,18.17
IRQ,Iraq,2011,18.46
TJK,Tajikistan,2011,18.5
BLR,Belarus,2011,18.57
HTI,Haiti,2011,18.65
MMR,Myanmar,2011,19.01
ARE,United Arab Emirates,2011,19.11
KGZ,Kyrgyzstan,2011,19.3
MDV,Maldives,2011,2.37
MNG,Mongolia,2011,20.32
ZMB,Zambia,2011,20.67
CHN,China,2011,20.7
MAR,Morocco,2011,20.89
RUS,Russian Federation,2011,21.05
SDN,Sudan,2011,21.08
SLV,El Salvador,2011,21.09
GNQ,Equatorial Guinea,2011,21.28
KWT,Kuwait,2011,22.13
SUR,Suriname,2011,22.24
DZA,Algeria,2011,22.31
NGA,Nigeria,2011,22.46
SYR,Syrian Arab Republic,2011,22.75
GHA,Ghana,2011,23.4
CPV,Cabo Verde,2011,23.45
PRK,Democratic People's Republic of Korea,2011,23.52
TUN,Tunisia,2011,23.66
BWA,Botswana,2011,23.83
NAM,Namibia,2011,23.93
KAZ,Kazakhstan,2011,24.02
MLI,Mali,2011,24.03
YEM,Yemen,2011,24.11
PRY,Paraguay,2011,24.31
GAB,Gabon,2011,24.31
BRA,Brazil,2011,24.46
LCA,Saint Lucia,2011,24.5
ECU,Ecuador,2011,24.72
MYS,Malaysia,2011,24.75
TCD,Chad,2011,24.78
DJI,Djibouti,2011,25.19
JOR,Jordan,2011,25.34
VNM,Viet Nam,2011,25.34
AGO,Angola,2011,25.39
SEN,Senegal,2011,25.66
DOM,Dominican Republic,2011,25.68
KEN,Kenya,2011,25.71
CIV,Côte d’Ivoire,2011,25.82
STP,Sao Tome and Principe,2011,26.01
ETH,Ethiopia,2011,26.04
GUY,Guyana,2011,26.06
SAU,Saudi Arabia,2011,26.09
MRT,Mauritania,2011,26.12
LBY,Libya,2011,26.23
GMB,Gambia,2011,26.84
MDG,Madagascar,2011,26.96
COG,Congo,2011,27.01
COM,Comoros,2011,27.03
NER,Niger,2011,27.34
SSD,South Sudan,2011,27.38
LSO,Lesotho,2011,27.45
IRN,Iran (Islamic Republic of),2011,27.72
SOM,Somalia,2011,27.75
ZAF,South Africa,2011,27.79
BEN,Benin,2011,28.07
UGA,Uganda,2011,28.4
TZA,United Republic of Tanzania,2011,28.6
CMR,Cameroon,2011,28.98
GBR,United Kingdom of Great Britain and Northern Ireland,2011,3.36
SWE,Sweden,2011,3.38
NOR,Norway,2011,3.5
VCT,Saint Vincent and the Grenadines,2011,3.69
SLE,Sierra Leone,2011,30.0
BFA,Burkina Faso,2011,30.04
VEN,Venezuela (Bolivarian Republic of),2011,30.06
MWI,Malawi,2011,30.22
CAF,Central African Republic,2011,30.3
MOZ,Mozambique,2011,30.41
GIN,Guinea,2011,30.63
SWZ,Eswatini,2011,30.97
TGO,Togo,2011,31.14
GNB,Guinea-Bissau,2011,31.16
LBR,Liberia,2011,32.91
BDI,Burundi,2011,32.95
OMN,Oman,2011,33.5
ERI,Eritrea,2011,33.63
RWA,Rwanda,2011,34.0
COD,Democratic Republic of the Congo,2011,35.64
ZWE,Zimbabwe,2011,37.4
THA,Thailand,2011,38.21
DNK,Denmark,2011,4.07
NLD,Netherlands,2011,4.07
CHE,Switzerland,2011,4.17
IRL,Ireland,2011,4.18
ISL,Iceland,2011,4.32
SGP,Singapore,2011,4.6
ISR,Israel,2011,4.7
ESP,Spain,2011,4.7
MLT,Malta,2011,4.79
JPN,Japan,2011,4.97
DEU,Germany,2011,5.27
FIN,Finland,2011,5.58
AUS,Australia,2011,5.93
CAN,Canada,2011,6.34
AUT,Austria,2011,6.38
FRA,France,2011,6.46
LUX,Luxembourg,2011,6.53
SVN,Slovenia,2011,7.07
ITA,Italy,2011,7.18
NZL,New Zealand,2011,7.31
CZE,Czechia,2011,7.54
CYP,Cyprus,2011,7.79
CUB,Cuba,2011,7.86
EST,Estonia,2011,8.13
BEL,Belgium,2011,8.19
GRD,Grenada,2011,8.43
HUN,Hungary,2011,8.52
MKD,The former Yugoslav Republic of Macedonia,2011,8.54
TON,Tonga,2011,8.69
ATG,Antigua and Barbuda,2011,8.75
SVK,Slovakia,2011,8.75
FJI,Fiji,2011,8.8
LVA,Latvia,2011,8.98
BGR,Bulgaria,2011,9.18
MNE,Montenegro,2011,9.6
SRB,Serbia,2011,9.68
BHR,Bahrain,2011,9.7
HRV,Croatia,2010,10.51
BGR,Bulgaria,2010,10.76
BHR,Bahrain,2010,10.8
PRT,Portugal,2010,11.21
UZB,Uzbekistan,2010,11.28
JAM,Jamaica,2010,11.39
AZE,Azerbaijan,2010,11.4
PHL,Philippines,2010,11.49
USA,United States of America,2010,11.7
LVA,Latvia,2010,11.85
ROU,Romania,2010,11.97
POL,Poland,2010,11.99
LTU,Lithuania,2010,12.07
CHL,Chile,2010,12.52
BHS,Bahamas,2010,12.72
ARG,Argentina,2010,12.84
WSM,Samoa,2010,12.91
GRC,Greece,2010,13.12
MDA,Republic of Moldova,2010,13.17
PER,Peru,2010,13.18
PAN,Panama,2010,13.2
MUS,Mauritius,2010,13.3
GTM,Guatemala,2010,13.38
VUT,Vanuatu,2010,13.55
BTN,Bhutan,2010,13.57
IDN,Indonesia,2010,13.66
EGY,Egypt,2010,13.69
KOR,Republic of Korea,2010,13.71
BLZ,Belize,2010,13.96
CRI,Costa Rica,2010,13.98
ALB,Albania,2010,14.08
LKA,Sri Lanka,2010,14.19
SYC,Seychelles,2010,14.24
LAO,Lao People's Democratic Republic,2010,14.31
AFG,Afghanistan,2010,14.42
NIC,Nicaragua,2010,14.47
MEX,Mexico,2010,14.51
LBN,Lebanon,2010,14.62
PAK,Pakistan,2010,14.69
TLS,Timor-Leste,2010,15.27
UKR,Ukraine,2010,15.43
MNE,Montenegro,2010,15.7
NPL,Nepal,2010,15.75
QAT,Qatar,2010,15.95
COL,Colombia,2010,16.21
HND,Honduras,2010,16.38
BGD,Bangladesh,2010,16.85
TKM,Turkmenistan,2010,16.87
BIH,Bosnia and Herzegovina,2010,16.92
URY,Uruguay,2010,17.06
PNG,Papua New Guinea,2010,17.08
IND,India,2010,17.18
GEO,Georgia,2010,17.22
BOL,Bolivia (Plurinational State of),2010,17.26
SLB,Solomon Islands,2010,17.81
GUY,Guyana,2010,18.01
KGZ,Kyrgyzstan,2010,18.02
ARM,Armenia,2010,18.04
KHM,Cambodia,2010,18.08
MNG,Mongolia,2010,18.6
HTI,Haiti,2010,18.73
TJK,Tajikistan,2010,18.74
MMR,Myanmar,2010,19.08
ARE,United Arab Emirates,2010,19.4
SUR,Suriname,2010,19.47
ISL,Iceland,2010,2.57
FSM,Micronesia (Federated States of),2010,2.92
KWT,Kuwait,2010,20.09
TTO,Trinidad and Tobago,2010,20.18
CHN,China,2010,20.27
RUS,Russian Federation,2010,20.52
GNQ,Equatorial Guinea,2010,20.77
IRQ,Iraq,2010,20.87
BLR,Belarus,2010,21.93
LBY,Libya,2010,21.99
DZA,Algeria,2010,22.3
SLV,El Salvador,2010,22.32
JOR,Jordan,2010,22.45
SYR,Syrian Arab Republic,2010,22.53
YEM,Yemen,2010,23.13
ETH,Ethiopia,2010,23.3
PRK,Democratic People's Republic of Korea,2010,23.35
MAR,Morocco,2010,23.4
CPV,Cabo Verde,2010,23.55
ZMB,Zambia,2010,23.64
GHA,Ghana,2010,23.75
SDN,Sudan,2010,23.83
TUN,Tunisia,2010,23.86
BWA,Botswana,2010,24.16
MLI,Mali,2010,24.21
GAB,Gabon,2010,24.26
BRA,Brazil,2010,24.29
ECU,Ecuador,2010,24.53
TCD,Chad,2010,24.67
SAU,Saudi Arabia,2010,24.8
PRY,Paraguay,2010,24.92
NGA,Nigeria,2010,25.08
MYS,Malaysia,2010,25.12
SSD,South Sudan,2010,25.32
VNM,Viet Nam,2010,25.61
KEN,Kenya,2010,25.68
CIV,Côte d’Ivoire,2010,25.78
SEN,Senegal,2010,25.79
AGO,Angola,2010,25.8
KAZ,Kazakhstan,2010,25.95
NAM,Namibia,2010,26.24
MRT,Mauritania,2010,26.39
GMB,Gambia,2010,26.49
STP,Sao Tome and Principe,2010,26.61
MDG,Madagascar,2010,26.72
COG,Congo,2010,27.05
COM,Comoros,2010,27.11
NER,Niger,2010,27.27
LSO,Lesotho,2010,27.66
SOM,Somalia,2010,27.68
OMN,Oman,2010,27.78
DOM,Dominican Republic,2010,27.84
BEN,Benin,2010,28.21
DJI,Djibouti,2010,28.21
ZAF,South Africa,2010,28.64
TZA,United Republic of Tanzania,2010,28.83
CMR,Cameroon,2010,28.86
SLE,Sierra Leone,2010,29.99
MDV,Maldives,2010,3.01
SWE,Sweden,2010,3.04
VCT,Saint Vincent and the Grenadines,2010,3.68
GBR,United Kingdom of Great Britain and Northern Ireland,2010,3.69
MLT,Malta,2010,3.93
NLD,Netherlands,2010,3.96
SWZ,Eswatini,2010,30.07
BFA,Burkina Faso,2010,30.16
CAF,Central African Republic,2010,30.52
MWI,Malawi,2010,30.59
MOZ,Mozambique,2010,30.73
GIN,Guinea,2010,31.0
TGO,Togo,2010,31.07
VEN,Venezuela (Bolivarian Republic of),2010,31.21
GNB,Guinea-Bissau,2010,31.46
UGA,Uganda,2010,32.25
IRN,Iran (Islamic Republic of),2010,32.5
LBR,Liberia,2010,33.1
BDI,Burundi,2010,33.17
ERI,Eritrea,2010,34.0
RWA,Rwanda,2010,34.01
COD,Democratic Republic of the Congo,2010,36.02
ZWE,Zimbabwe,2010,37.6
THA,Thailand,2010,38.33
CHE,Switzerland,2010,4.32
NOR,Norway,2010,4.38
IRL,Ireland,2010,4.81
DEU,Germany,2010,4.81
ISR,Israel,2010,4.94
DNK,Denmark,2010,4.99
SGP,Singapore,2010,5.09
FIN,Finland,2010,5.22
JPN,Japan,2010,5.32
ATG,Antigua and Barbuda,2010,5.37
ESP,Spain,2010,5.44
GRD,Grenada,2010,5.65
TON,Tonga,2010,5.77
KIR,Kiribati,2010,5.83
LUX,Luxembourg,2010,6.48
FRA,France,2010,6.55
AUS,Australia,2010,6.55
EST,Estonia,2010,6.76
AUT,Austria,2010,6.77
TUR,Türkiye,2010,6.82
SVN,Slovenia,2010,7.19
ITA,Italy,2010,7.32
CAN,Canada,2010,7.34
BRN,Brunei Darussalam,2010,7.72
CZE,Czechia,2010,7.85
MKD,The former Yugoslav Republic of Macedonia,2010,8.06
BEL,Belgium,2010,8.13
CYP,Cyprus,2010,8.25
CUB,Cuba,2010,8.33
BRB,Barbados,2010,8.86
SRB,Serbia,2010,8.95
SVK,Slovakia,2010,8.96
HUN,Hungary,2010,9.21
NZL,New Zealand,2010,9.31
LCA,Saint Lucia,2010,9.66
FJI,Fiji,2010,9.77
HUN,Hungary,2009,10.43
PHL,Philippines,2009,10.57
TON,Tonga,2009,10.59
SRB,Serbia,2009,10.68
BRN,Brunei Darussalam,2009,11.46
AZE,Azerbaijan,2009,11.6
PRT,Portugal,2009,11.98
MUS,Mauritius,2009,12.06
USA,United States of America,2009,12.12
LVA,Latvia,2009,12.26
CHL,Chile,2009,12.41
BGR,Bulgaria,2009,12.43
JAM,Jamaica,2009,12.69
UZB,Uzbekistan,2009,12.87
EGY,Egypt,2009,12.92
HRV,Croatia,2009,13.01
POL,Poland,2009,13.28
ARG,Argentina,2009,13.29
VUT,Vanuatu,2009,13.46
BHR,Bahrain,2009,13.5
PAN,Panama,2009,13.55
BTN,Bhutan,2009,13.56
LTU,Lithuania,2009,13.58
MDA,Republic of Moldova,2009,13.79
IDN,Indonesia,2009,13.9
ROU,Romania,2009,13.97
LAO,Lao People's Democratic Republic,2009,14.21
LKA,Sri Lanka,2009,14.33
ALB,Albania,2009,14.4
AFG,Afghanistan,2009,14.42
NIC,Nicaragua,2009,14.43
PAK,Pakistan,2009,14.54
KOR,Republic of Korea,2009,14.72
LBN,Lebanon,2009,14.77
GRC,Greece,2009,14.93
PER,Peru,2009,15.09
TLS,Timor-Leste,2009,15.17
GUY,Guyana,2009,15.65
GTM,Guatemala,2009,15.67
NPL,Nepal,2009,15.72
MEX,Mexico,2009,15.85
CRI,Costa Rica,2009,15.95
BHS,Bahamas,2009,16.28
HND,Honduras,2009,16.31
URY,Uruguay,2009,16.48
MNE,Montenegro,2009,16.53
BOL,Bolivia (Plurinational State of),2009,16.56
TKM,Turkmenistan,2009,16.71
BLZ,Belize,2009,16.83
BGD,Bangladesh,2009,16.92
IND,India,2009,17.05
UKR,Ukraine,2009,17.05
BIH,Bosnia and Herzegovina,2009,17.08
MNG,Mongolia,2009,17.54
PNG,Papua New Guinea,2009,17.57
COL,Colombia,2009,17.67
SLB,Solomon Islands,2009,17.86
ARM,Armenia,2009,17.87
KHM,Cambodia,2009,17.88
QAT,Qatar,2009,18.13
HTI,Haiti,2009,18.25
LCA,Saint Lucia,2009,18.39
GEO,Georgia,2009,18.55
TJK,Tajikistan,2009,18.68
ARE,United Arab Emirates,2009,19.02
MMR,Myanmar,2009,19.14
GNQ,Equatorial Guinea,2009,19.37
BLR,Belarus,2009,19.52
KGZ,Kyrgyzstan,2009,19.89
MDV,Maldives,2009,2.56
CHN,China,2009,20.48
IRQ,Iraq,2009,21.0
RUS,Russian Federation,2009,21.66
LBY,Libya,2009,21.89
TTO,Trinidad and Tobago,2009,22.11
BRA,Brazil,2009,22.19
JOR,Jordan,2009,22.27
DZA,Algeria,2009,22.48
SYR,Syrian Arab Republic,2009,22.7
ECU,Ecuador,2009,22.96
YEM,Yemen,2009,22.99
CPV,Cabo Verde,2009,23.01
PRK,Democratic People's Republic of Korea,2009,23.42
ETH,Ethiopia,2009,23.51
PRY,Paraguay,2009,23.57
MAR,Morocco,2009,23.66
DOM,Dominican Republic,2009,23.77
SAU,Saudi Arabia,2009,23.78
ZMB,Zambia,2009,23.81
TUN,Tunisia,2009,23.83
GHA,Ghana,2009,23.88
SSD,South Sudan,2009,24.0
BWA,Botswana,2009,24.03
SDN,Sudan,2009,24.17
MLI,Mali,2009,24.23
VNM,Viet Nam,2009,24.59
SLV,El Salvador,2009,24.64
TCD,Chad,2009,24.93
MYS,Malaysia,2009,25.07
GAB,Gabon,2009,25.2
NGA,Nigeria,2009,25.27
SEN,Senegal,2009,25.5
CIV,Côte d’Ivoire,2009,25.52
KAZ,Kazakhstan,2009,25.55
KWT,Kuwait,2009,25.59
KEN,Kenya,2009,26.05
STP,Sao Tome and Principe,2009,26.15
MRT,Mauritania,2009,26.2
COG,Congo,2009,26.25
GMB,Gambia,2009,26.26
MDG,Madagascar,2009,26.26
SUR,Suriname,2009,26.57
NAM,Namibia,2009,26.82
COM,Comoros,2009,27.03
NER,Niger,2009,27.29
AGO,Angola,2009,27.34
SOM,Somalia,2009,27.45
LSO,Lesotho,2009,27.74
DJI,Djibouti,2009,27.9
BEN,Benin,2009,27.92
CMR,Cameroon,2009,28.5
ZAF,South Africa,2009,28.64
TZA,United Republic of Tanzania,2009,28.66
BFA,Burkina Faso,2009,29.43
SWZ,Eswatini,2009,29.65
WSM,Samoa,2009,29.8
GRD,Grenada,2009,3.78
FSM,Micronesia (Federated States of),2009,3.88
SLE,Sierra Leone,2009,30.47
GIN,Guinea,2009,30.61
MWI,Malawi,2009,30.86
MOZ,Mozambique,2009,30.98
TGO,Togo,2009,31.26
GNB,Guinea-Bissau,2009,31.27
UGA,Uganda,2009,31.89
CAF,Central African Republic,2009,32.03
IRN,Iran (Islamic Republic of),2009,32.48
BDI,Burundi,2009,33.03
LBR,Liberia,2009,33.4
ERI,Eritrea,2009,33.98
RWA,Rwanda,2009,34.14
OMN,Oman,2009,35.46
COD,Democratic Republic of the Congo,2009,36.3
VEN,Venezuela (Bolivarian Republic of),2009,36.85
ZWE,Zimbabwe,2009,37.94
THA,Thailand,2009,38.66
SWE,Sweden,2009,4.12
GBR,United Kingdom of Great Britain and Northern Ireland,2009,4.3
SGP,Singapore,2009,4.41
ISR,Israel,2009,4.46
NLD,Netherlands,2009,4.46
NOR,Norway,2009,4.6
CHE,Switzerland,2009,4.67
KIR,Kiribati,2009,4.95
MLT,Malta,2009,5.25
DEU,Germany,2009,5.34
JPN,Japan,2009,5.36
DNK,Denmark,2009,5.65
ISL,Iceland,2009,5.69
FIN,Finland,2009,5.75
IRL,Ireland,2009,5.96
ESP,Spain,2009,6.01
TUR,Türkiye,2009,6.25
ATG,Antigua and Barbuda,2009,6.33
FRA,France,2009,7.04
AUS,Australia,2009,7.15
CAN,Canada,2009,7.17
FJI,Fiji,2009,7.26
VCT,Saint Vincent and the Grenadines,2009,7.78
AUT,Austria,2009,7.8
MKD,The former Yugoslav Republic of Macedonia,2009,7.97
ITA,Italy,2009,8.03
EST,Estonia,2009,8.76
CUB,Cuba,2009,8.84
CZE,Czechia,2009,8.86
SVN,Slovenia,2009,8.95
BRB,Barbados,2009,9.25
CYP,Cyprus,2009,9.25
BEL,Belgium,2009,9.42
SVK,Slovakia,2009,9.56
NZL,New Zealand,2009,9.6
LUX,Luxembourg,2009,9.86
SYC,Seychelles,2009,9.91
FSM,Micronesia (Federated States of),2008,1.93
PHL,Philippines,2008,10.04
BRN,Brunei Darussalam,2008,10.54
UZB,Uzbekistan,2008,10.6
CZE,Czechia,2008,10.64
SVN,Slovenia,2008,11.07
ATG,Antigua and Barbuda,2008,11.18
GRD,Grenada,2008,11.38
SRB,Serbia,2008,11.75
PRT,Portugal,2008,12.09
HUN,Hungary,2008,12.28
JAM,Jamaica,2008,12.35
EST,Estonia,2008,12.39
FJI,Fiji,2008,12.54
WSM,Samoa,2008,13.1
EGY,Egypt,2008,13.17
AZE,Azerbaijan,2008,13.27
VUT,Vanuatu,2008,13.35
USA,United States of America,2008,13.42
BHR,Bahrain,2008,13.55
IDN,Indonesia,2008,13.55
LAO,Lao People's Democratic Republic,2008,14.11
LKA,Sri Lanka,2008,14.22
PAK,Pakistan,2008,14.23
CHL,Chile,2008,14.29
NIC,Nicaragua,2008,14.35
SVK,Slovakia,2008,14.44
ALB,Albania,2008,14.49
BHS,Bahamas,2008,14.53
BGR,Bulgaria,2008,14.54
ARG,Argentina,2008,14.82
LBN,Lebanon,2008,14.82
KOR,Republic of Korea,2008,14.98
AFG,Afghanistan,2008,15.01
TLS,Timor-Leste,2008,15.06
BTN,Bhutan,2008,15.19
MUS,Mauritius,2008,15.33
PAN,Panama,2008,15.39
MEX,Mexico,2008,15.4
GRC,Greece,2008,15.51
ROU,Romania,2008,15.52
HRV,Croatia,2008,15.74
NPL,Nepal,2008,15.86
URY,Uruguay,2008,15.9
HND,Honduras,2008,16.07
MDA,Republic of Moldova,2008,16.29
PER,Peru,2008,16.37
POL,Poland,2008,16.56
GTM,Guatemala,2008,16.63
TKM,Turkmenistan,2008,16.65
CRI,Costa Rica,2008,16.83
BGD,Bangladesh,2008,16.86
BIH,Bosnia and Herzegovina,2008,17.13
IND,India,2008,17.15
BOL,Bolivia (Plurinational State of),2008,17.2
ARM,Armenia,2008,17.33
TON,Tonga,2008,17.41
PNG,Papua New Guinea,2008,17.44
SLB,Solomon Islands,2008,17.5
KHM,Cambodia,2008,17.7
ARE,United Arab Emirates,2008,17.96
COL,Colombia,2008,18.01
LTU,Lithuania,2008,18.27
HTI,Haiti,2008,18.43
MNE,Montenegro,2008,18.51
LVA,Latvia,2008,18.51
TJK,Tajikistan,2008,18.56
GNQ,Equatorial Guinea,2008,19.17
MMR,Myanmar,2008,19.22
MNG,Mongolia,2008,19.61
ECU,Ecuador,2008,19.9
KIR,Kiribati,2008,2.03
MDV,Maldives,2008,2.06
CHN,China,2008,20.51
LBY,Libya,2008,21.06
IRQ,Iraq,2008,21.07
NAM,Namibia,2008,21.26
GEO,Georgia,2008,21.58
KGZ,Kyrgyzstan,2008,21.81
JOR,Jordan,2008,21.92
YEM,Yemen,2008,22.2
DZA,Algeria,2008,22.41
BRA,Brazil,2008,22.55
PRY,Paraguay,2008,22.63
CPV,Cabo Verde,2008,22.67
QAT,Qatar,2008,22.76
SYR,Syrian Arab Republic,2008,22.88
SSD,South Sudan,2008,23.01
GUY,Guyana,2008,23.03
ETH,Ethiopia,2008,23.38
PRK,Democratic People's Republic of Korea,2008,23.68
MAR,Morocco,2008,23.72
ZMB,Zambia,2008,23.86
BLR,Belarus,2008,23.86
GHA,Ghana,2008,23.88
BWA,Botswana,2008,23.93
MLI,Mali,2008,23.96
TUN,Tunisia,2008,23.99
GAB,Gabon,2008,24.23
SUR,Suriname,2008,24.37
SDN,Sudan,2008,24.68
MYS,Malaysia,2008,24.71
VNM,Viet Nam,2008,24.78
TTO,Trinidad and Tobago,2008,24.8
UKR,Ukraine,2008,24.81
TCD,Chad,2008,24.96
AGO,Angola,2008,24.96
NGA,Nigeria,2008,25.13
SEN,Senegal,2008,25.4
CIV,Côte d’Ivoire,2008,25.45
MDG,Madagascar,2008,25.48
RUS,Russian Federation,2008,25.49
SAU,Saudi Arabia,2008,25.72
KEN,Kenya,2008,25.91
COG,Congo,2008,25.93
DOM,Dominican Republic,2008,25.94
MRT,Mauritania,2008,26.27
STP,Sao Tome and Principe,2008,26.3
GMB,Gambia,2008,26.58
COM,Comoros,2008,26.78
NER,Niger,2008,27.19
DJI,Djibouti,2008,27.44
SOM,Somalia,2008,27.59
LSO,Lesotho,2008,27.63
BEN,Benin,2008,27.64
CMR,Cameroon,2008,28.36
TZA,United Republic of Tanzania,2008,28.36
SLV,El Salvador,2008,28.38
KWT,Kuwait,2008,28.46
SWZ,Eswatini,2008,28.95
KAZ,Kazakhstan,2008,29.23
ZAF,South Africa,2008,29.5
BFA,Burkina Faso,2008,29.67
LCA,Saint Lucia,2008,3.53
SLE,Sierra Leone,2008,30.46
GIN,Guinea,2008,30.7
GNB,Guinea-Bissau,2008,31.12
TGO,Togo,2008,31.31
MWI,Malawi,2008,31.32
MOZ,Mozambique,2008,31.4
UGA,Uganda,2008,31.75
CAF,Central African Republic,2008,32.32
BDI,Burundi,2008,33.03
IRN,Iran (Islamic Republic of),2008,33.4
RWA,Rwanda,2008,33.65
BLZ,Belize,2008,33.76
LBR,Liberia,2008,33.86
ERI,Eritrea,2008,33.89
OMN,Oman,2008,35.62
COD,Democratic Republic of the Congo,2008,35.75
ZWE,Zimbabwe,2008,37.46
VEN,Venezuela (Bolivarian Republic of),2008,37.69
THA,Thailand,2008,38.86
MLT,Malta,2008,4.32
ISL,Iceland,2008,4.5
NLD,Netherlands,2008,4.67
SWE,Sweden,2008,4.77
CHE,Switzerland,2008,4.83
GBR,United Kingdom of Great Britain and Northern Ireland,2008,5.19
NOR,Norway,2008,5.51
VCT,Saint Vincent and the Grenadines,2008,5.52
JPN,Japan,2008,5.52
DEU,Germany,2008,5.78
SGP,Singapore,2008,5.8
ISR,Israel,2008,5.93
BRB,Barbados,2008,6.07
TUR,Türkiye,2008,6.2
IRL,Ireland,2008,6.52
SYC,Seychelles,2008,6.63
FIN,Finland,2008,6.75
ESP,Spain,2008,6.94
FRA,France,2008,7.09
AUS,Australia,2008,7.12
LUX,Luxembourg,2008,7.42
DNK,Denmark,2008,7.62
CAN,Canada,2008,8.04
MKD,The former Yugoslav Republic of Macedonia,2008,8.08
AUT,Austria,2008,8.39
ITA,Italy,2008,8.87
CUB,Cuba,2008,9.16
NZL,New Zealand,2008,9.16
BEL,Belgium,2008,9.42
CYP,Cyprus,2008,9.8
BRB,Barbados,2007,10.06
UZB,Uzbekistan,2007,10.26
NZL,New Zealand,2007,10.47
PHL,Philippines,2007,10.58
BEL,Belgium,2007,10.84
FJI,Fiji,2007,11.0
CYP,Cyprus,2007,11.09
CZE,Czechia,2007,12.17
SVK,Slovakia,2007,12.48
SRB,Serbia,2007,12.6
WSM,Samoa,2007,12.63
JAM,Jamaica,2007,12.65
MUS,Mauritius,2007,12.72
EGY,Egypt,2007,12.76
PRT,Portugal,2007,13.05
BTN,Bhutan,2007,13.24
CHL,Chile,2007,13.33
TON,Tonga,2007,13.65
IDN,Indonesia,2007,13.67
VUT,Vanuatu,2007,13.67
AZE,Azerbaijan,2007,13.74
PAK,Pakistan,2007,14.06
MEX,Mexico,2007,14.06
ARG,Argentina,2007,14.1
LAO,Lao People's Democratic Republic,2007,14.16
BGR,Bulgaria,2007,14.32
ROU,Romania,2007,14.35
URY,Uruguay,2007,14.38
LKA,Sri Lanka,2007,14.42
NIC,Nicaragua,2007,14.44
HRV,Croatia,2007,14.62
PAN,Panama,2007,14.65
HUN,Hungary,2007,14.7
ALB,Albania,2007,14.8
LBN,Lebanon,2007,14.91
USA,United States of America,2007,14.92
AFG,Afghanistan,2007,14.96
BOL,Bolivia (Plurinational State of),2007,15.04
TLS,Timor-Leste,2007,15.24
KOR,Republic of Korea,2007,15.35
SVN,Slovenia,2007,15.61
HND,Honduras,2007,15.67
BHS,Bahamas,2007,15.7
BHR,Bahrain,2007,15.83
NPL,Nepal,2007,15.97
CRI,Costa Rica,2007,16.1
GRC,Greece,2007,16.14
POL,Poland,2007,16.39
PER,Peru,2007,16.6
IND,India,2007,16.66
LCA,Saint Lucia,2007,16.7
BGD,Bangladesh,2007,16.94
TKM,Turkmenistan,2007,16.94
EST,Estonia,2007,17.03
MDA,Republic of Moldova,2007,17.05
PRY,Paraguay,2007,17.22
KHM,Cambodia,2007,17.39
BIH,Bosnia and Herzegovina,2007,17.46
PNG,Papua New Guinea,2007,17.54
ARM,Armenia,2007,17.56
BRN,Brunei Darussalam,2007,17.6
ARE,United Arab Emirates,2007,17.65
SLB,Solomon Islands,2007,17.68
SYC,Seychelles,2007,17.76
COL,Colombia,2007,17.92
GEO,Georgia,2007,18.24
TJK,Tajikistan,2007,18.46
HTI,Haiti,2007,18.52
GNQ,Equatorial Guinea,2007,18.99
MMR,Myanmar,2007,19.04
ECU,Ecuador,2007,19.12
FSM,Micronesia (Federated States of),2007,2.87
GTM,Guatemala,2007,20.09
LVA,Latvia,2007,20.11
IRQ,Iraq,2007,20.24
MNE,Montenegro,2007,20.34
CHN,China,2007,20.9
TTO,Trinidad and Tobago,2007,21.02
LBY,Libya,2007,21.17
NAM,Namibia,2007,21.52
SSD,South Sudan,2007,21.62
KGZ,Kyrgyzstan,2007,21.76
YEM,Yemen,2007,22.03
JOR,Jordan,2007,22.16
DZA,Algeria,2007,22.29
MNG,Mongolia,2007,22.32
BRA,Brazil,2007,22.53
SYR,Syrian Arab Republic,2007,22.76
CPV,Cabo Verde,2007,23.15
BLR,Belarus,2007,23.46
ETH,Ethiopia,2007,23.51
PRK,Democratic People's Republic of Korea,2007,23.66
TUN,Tunisia,2007,23.75
MAR,Morocco,2007,23.78
MLI,Mali,2007,23.79
QAT,Qatar,2007,23.8
GHA,Ghana,2007,24.0
ZMB,Zambia,2007,24.13
DOM,Dominican Republic,2007,24.19
MYS,Malaysia,2007,24.24
VNM,Viet Nam,2007,24.33
TCD,Chad,2007,24.57
SDN,Sudan,2007,24.72
GAB,Gabon,2007,24.95
SUR,Suriname,2007,25.43
CIV,Côte d’Ivoire,2007,25.43
SEN,Senegal,2007,25.46
AGO,Angola,2007,25.47
MDG,Madagascar,2007,25.56
MRT,Mauritania,2007,25.67
KEN,Kenya,2007,25.75
NGA,Nigeria,2007,25.87
COG,Congo,2007,26.03
SAU,Saudi Arabia,2007,26.03
BWA,Botswana,2007,26.09
COM,Comoros,2007,26.5
GMB,Gambia,2007,26.53
LTU,Lithuania,2007,26.6
STP,Sao Tome and Principe,2007,27.06
SOM,Somalia,2007,27.2
NER,Niger,2007,27.32
BEN,Benin,2007,27.61
DJI,Djibouti,2007,27.69
LSO,Lesotho,2007,27.83
CMR,Cameroon,2007,28.08
RUS,Russian Federation,2007,28.17
SWZ,Eswatini,2007,28.78
TZA,United Republic of Tanzania,2007,28.8
UKR,Ukraine,2007,29.49
KWT,Kuwait,2007,29.51
BFA,Burkina Faso,2007,29.63
MDV,Maldives,2007,3.59
MLT,Malta,2007,3.92
SLE,Sierra Leone,2007,30.67
SLV,El Salvador,2007,30.9
OMN,Oman,2007,30.97
GIN,Guinea,2007,31.08
TGO,Togo,2007,31.09
MOZ,Mozambique,2007,31.25
GNB,Guinea-Bissau,2007,31.54
MWI,Malawi,2007,31.76
UGA,Uganda,2007,31.78
BLZ,Belize,2007,32.36
ZAF,South Africa,2007,32.44
CAF,Central African Republic,2007,32.65
IRN,Iran (Islamic Republic of),2007,33.12
BDI,Burundi,2007,33.36
LBR,Liberia,2007,33.58
ERI,Eritrea,2007,33.77
RWA,Rwanda,2007,34.67
GUY,Guyana,2007,35.63
COD,Democratic Republic of the Congo,2007,35.96
ZWE,Zimbabwe,2007,36.55
VEN,Venezuela (Bolivarian Republic of),2007,36.76
THA,Thailand,2007,38.93
KAZ,Kazakhstan,2007,39.54
ISL,Iceland,2007,4.93
NLD,Netherlands,2007,4.94
NOR,Norway,2007,5.09
CHE,Switzerland,2007,5.25
SWE,Sweden,2007,5.29
ISR,Israel,2007,5.75
GBR,United Kingdom of Great Britain and Northern Ireland,2007,5.83
SGP,Singapore,2007,6.03
JPN,Japan,2007,6.18
KIR,Kiribati,2007,6.22
DEU,Germany,2007,6.36
ATG,Antigua and Barbuda,2007,7.24
TUR,Türkiye,2007,7.42
FIN,Finland,2007,7.47
GRD,Grenada,2007,7.61
DNK,Denmark,2007,7.66
FRA,France,2007,7.7
AUS,Australia,2007,7.9
IRL,Ireland,2007,8.05
VCT,Saint Vincent and the Grenadines,2007,8.24
AUT,Austria,2007,8.56
CUB,Cuba,2007,8.59
MKD,The former Yugoslav Republic of Macedonia,2007,8.62
ESP,Spain,2007,8.7
CAN,Canada,2007,8.88
ITA,Italy,2007,9.68
LUX,Luxembourg,2007,9.69
FSM,Micronesia (Federated States of),2006,1.9
NZL,New Zealand,2006,10.06
ITA,Italy,2006,10.26
BEL,Belgium,2006,10.5
CZE,Czechia,2006,10.64
ISL,Iceland,2006,10.76
EGY,Egypt,2006,11.08
SRB,Serbia,2006,11.46
SYC,Seychelles,2006,12.29
MUS,Mauritius,2006,12.54
BRN,Brunei Darussalam,2006,12.69
WSM,Samoa,2006,12.72
VCT,Saint Vincent and the Grenadines,2006,12.89
ARG,Argentina,2006,13.11
ROU,Romania,2006,13.24
AZE,Azerbaijan,2006,13.24
BTN,Bhutan,2006,13.39
VUT,Vanuatu,2006,13.53
SVN,Slovenia,2006,13.73
LAO,Lao People's Democratic Republic,2006,13.92
SVK,Slovakia,2006,13.94
PAK,Pakistan,2006,14.05
JAM,Jamaica,2006,14.08
BGR,Bulgaria,2006,14.09
IDN,Indonesia,2006,14.16
MNE,Montenegro,2006,14.24
LKA,Sri Lanka,2006,14.39
URY,Uruguay,2006,14.46
HRV,Croatia,2006,14.48
TON,Tonga,2006,14.75
MDA,Republic of Moldova,2006,14.83
BHS,Bahamas,2006,14.85
ALB,Albania,2006,14.89
FJI,Fiji,2006,14.98
AFG,Afghanistan,2006,15.06
POL,Poland,2006,15.09
GRD,Grenada,2006,15.25
HUN,Hungary,2006,15.3
MEX,Mexico,2006,15.59
USA,United States of America,2006,15.61
HND,Honduras,2006,15.82
KOR,Republic of Korea,2006,15.9
NPL,Nepal,2006,15.91
TLS,Timor-Leste,2006,15.94
GRC,Greece,2006,16.03
PAN,Panama,2006,16.04
PRT,Portugal,2006,16.08
NIC,Nicaragua,2006,16.16
IND,India,2006,16.29
LBN,Lebanon,2006,16.39
CRI,Costa Rica,2006,16.39
PER,Peru,2006,16.6
GEO,Georgia,2006,16.61
PRY,Paraguay,2006,16.84
TKM,Turkmenistan,2006,17.07
ARE,United Arab Emirates,2006,17.17
COL,Colombia,2006,17.44
BIH,Bosnia and Herzegovina,2006,17.55
BGD,Bangladesh,2006,17.62
SLB,Solomon Islands,2006,17.67
ARM,Armenia,2006,17.85
KHM,Cambodia,2006,17.86
PNG,Papua New Guinea,2006,17.99
KIR,Kiribati,2006,18.02
ECU,Ecuador,2006,18.45
TJK,Tajikistan,2006,18.62
HTI,Haiti,2006,18.64
CHL,Chile,2006,18.68
MMR,Myanmar,2006,18.97
EST,Estonia,2006,19.34
GNQ,Equatorial Guinea,2006,19.5
IRQ,Iraq,2006,19.61
ATG,Antigua and Barbuda,2006,2.37
MLT,Malta,2006,2.46
MDV,Maldives,2006,2.47
LVA,Latvia,2006,20.0
TTO,Trinidad and Tobago,2006,20.11
KGZ,Kyrgyzstan,2006,20.51
CHN,China,2006,20.74
BOL,Bolivia (Plurinational State of),2006,20.9
SSD,South Sudan,2006,21.22
LBY,Libya,2006,21.3
MNG,Mongolia,2006,21.65
BHR,Bahrain,2006,21.81
BRA,Brazil,2006,21.83
YEM,Yemen,2006,21.88
BLR,Belarus,2006,22.07
DZA,Algeria,2006,22.17
JOR,Jordan,2006,22.3
SYR,Syrian Arab Republic,2006,22.56
PRK,Democratic People's Republic of Korea,2006,23.17
CPV,Cabo Verde,2006,23.23
NAM,Namibia,2006,23.57
TUN,Tunisia,2006,23.86
MLI,Mali,2006,23.9
ETH,Ethiopia,2006,23.93
MAR,Morocco,2006,23.94
GAB,Gabon,2006,24.01
TCD,Chad,2006,24.48
VNM,Viet Nam,2006,24.49
AGO,Angola,2006,24.58
GHA,Ghana,2006,24.61
BWA,Botswana,2006,24.66
SUR,Suriname,2006,24.74
MYS,Malaysia,2006,24.74
SAU,Saudi Arabia,2006,24.76
ZMB,Zambia,2006,24.88
SDN,Sudan,2006,24.91
UKR,Ukraine,2006,25.3
SEN,Senegal,2006,25.34
COG,Congo,2006,25.5
DOM,Dominican Republic,2006,25.63
MDG,Madagascar,2006,25.74
KEN,Kenya,2006,25.81
CIV,Côte d’Ivoire,2006,25.82
MRT,Mauritania,2006,26.03
NGA,Nigeria,2006,26.42
COM,Comoros,2006,26.5
LTU,Lithuania,2006,26.67
GMB,Gambia,2006,26.71
OMN,Oman,2006,27.2
SOM,Somalia,2006,27.44
RUS,Russian Federation,2006,27.49
NER,Niger,2006,27.61
LSO,Lesotho,2006,27.81
STP,Sao Tome and Principe,2006,27.83
DJI,Djibouti,2006,27.94
CMR,Cameroon,2006,28.14
BEN,Benin,2006,28.15
SWZ,Eswatini,2006,28.56
BLZ,Belize,2006,28.8
TZA,United Republic of Tanzania,2006,28.8
KWT,Kuwait,2006,29.03
BFA,Burkina Faso,2006,29.43
GIN,Guinea,2006,30.69
VEN,Venezuela (Bolivarian Republic of),2006,30.82
SLE,Sierra Leone,2006,31.24
TGO,Togo,2006,31.25
GNB,Guinea-Bissau,2006,31.36
UGA,Uganda,2006,31.82
MOZ,Mozambique,2006,31.97
MWI,Malawi,2006,32.4
SLV,El Salvador,2006,32.9
CAF,Central African Republic,2006,33.02
BDI,Burundi,2006,33.15
GUY,Guyana,2006,33.23
ERI,Eritrea,2006,33.65
LBR,Liberia,2006,34.69
RWA,Rwanda,2006,35.53
QAT,Qatar,2006,35.59
ZWE,Zimbabwe,2006,36.45
COD,Democratic Republic of the Congo,2006,36.62
THA,Thailand,2006,38.68
KAZ,Kazakhstan,2006,39.79
GTM,Guatemala,2006,4.61
IRN,Iran (Islamic Republic of),2006,40.28
ZAF,South Africa,2006,41.07
NLD,Netherlands,2006,5.09
CHE,Switzerland,2006,5.11
SGP,Singapore,2006,5.29
SWE,Sweden,2006,5.31
NOR,Norway,2006,5.35
DNK,Denmark,2006,5.79
LCA,Saint Lucia,2006,6.05
ISR,Israel,2006,6.39
FIN,Finland,2006,6.56
GBR,United Kingdom of Great Britain and Northern Ireland,2006,6.56
DEU,Germany,2006,6.57
TUR,Türkiye,2006,6.95
MKD,The former Yugoslav Republic of Macedonia,2006,6.98
FRA,France,2006,7.89
BRB,Barbados,2006,7.93
AUS,Australia,2006,8.03
JPN,Japan,2006,8.55
IRL,Ireland,2006,8.89
AUT,Austria,2006,9.09
CAN,Canada,2006,9.14
CYP,Cyprus,2006,9.19
LUX,Luxembourg,2006,9.45
ESP,Spain,2006,9.58
CUB,Cuba,2006,9.7
PHL,Philippines,2006,9.83
UZB,Uzbekistan,2006,9.96
ATG,Antigua and Barbuda,2005,0.0
FSM,Micronesia (Federated States of),2005,0.0
SRB,Serbia,2005,10.0
PHL,Philippines,2005,10.14
SYC,Seychelles,2005,10.15
NZL,New Zealand,2005,10.25
ITA,Italy,2005,10.29
LUX,Luxembourg,2005,10.48
ESP,Spain,2005,10.6
KIR,Kiribati,2005,10.83
EGY,Egypt,2005,10.84
BEL,Belgium,2005,10.94
CUB,Cuba,2005,11.59
MUS,Mauritius,2005,11.62
ARG,Argentina,2005,11.64
JAM,Jamaica,2005,12.38
GRD,Grenada,2005,12.42
CYP,Cyprus,2005,12.55
URY,Uruguay,2005,12.76
WSM,Samoa,2005,12.8
BGR,Bulgaria,2005,12.84
UZB,Uzbekistan,2005,12.85
CZE,Czechia,2005,12.93
FJI,Fiji,2005,13.02
ROU,Romania,2005,13.33
BTN,Bhutan,2005,13.41
LCA,Saint Lucia,2005,13.46
SVN,Slovenia,2005,13.48
SVK,Slovakia,2005,13.69
PAN,Panama,2005,13.78
VUT,Vanuatu,2005,13.86
TON,Tonga,2005,13.87
AZE,Azerbaijan,2005,13.88
LAO,Lao People's Democratic Republic,2005,13.98
HRV,Croatia,2005,14.07
GEO,Georgia,2005,14.23
IDN,Indonesia,2005,14.3
BRN,Brunei Darussalam,2005,14.43
PAK,Pakistan,2005,14.43
PRY,Paraguay,2005,14.46
CRI,Costa Rica,2005,14.47
EST,Estonia,2005,14.68
HUN,Hungary,2005,14.79
LKA,Sri Lanka,2005,14.85
ALB,Albania,2005,14.93
BOL,Bolivia (Plurinational State of),2005,15.16
AFG,Afghanistan,2005,15.17
MDA,Republic of Moldova,2005,15.48
TLS,Timor-Leste,2005,15.58
BHR,Bahrain,2005,15.63
MEX,Mexico,2005,15.64
USA,United States of America,2005,15.73
HND,Honduras,2005,15.84
PER,Peru,2005,15.88
IND,India,2005,15.89
MNE,Montenegro,2005,15.9
POL,Poland,2005,16.0
NPL,Nepal,2005,16.02
KOR,Republic of Korea,2005,16.1
NIC,Nicaragua,2005,16.13
GRC,Greece,2005,16.57
COL,Colombia,2005,16.94
LBN,Lebanon,2005,17.01
TKM,Turkmenistan,2005,17.16
ECU,Ecuador,2005,17.21
SLB,Solomon Islands,2005,17.45
KGZ,Kyrgyzstan,2005,17.59
BGD,Bangladesh,2005,17.64
PRT,Portugal,2005,17.68
CHL,Chile,2005,17.73
BIH,Bosnia and Herzegovina,2005,17.79
KHM,Cambodia,2005,17.89
PNG,Papua New Guinea,2005,18.05
ARM,Armenia,2005,18.31
HTI,Haiti,2005,18.53
ARE,United Arab Emirates,2005,18.66
TJK,Tajikistan,2005,18.85
TTO,Trinidad and Tobago,2005,19.21
MMR,Myanmar,2005,19.3
IRQ,Iraq,2005,19.32
GNQ,Equatorial Guinea,2005,20.08
CHN,China,2005,20.78
SSD,South Sudan,2005,20.87
BHS,Bahamas,2005,20.93
LBY,Libya,2005,21.07
LVA,Latvia,2005,21.36
MNG,Mongolia,2005,21.73
SYR,Syrian Arab Republic,2005,21.9
NAM,Namibia,2005,21.93
YEM,Yemen,2005,21.98
BLR,Belarus,2005,22.06
DZA,Algeria,2005,22.06
GAB,Gabon,2005,22.37
BRA,Brazil,2005,22.39
JOR,Jordan,2005,22.58
PRK,Democratic People's Republic of Korea,2005,22.63
CPV,Cabo Verde,2005,23.76
MAR,Morocco,2005,23.97
TUN,Tunisia,2005,24.06
MLI,Mali,2005,24.15
ETH,Ethiopia,2005,24.53
VNM,Viet Nam,2005,24.65
TCD,Chad,2005,24.76
SEN,Senegal,2005,24.77
BWA,Botswana,2005,24.77
MYS,Malaysia,2005,24.88
UKR,Ukraine,2005,25.16
ZMB,Zambia,2005,25.45
COG,Congo,2005,25.45
GHA,Ghana,2005,25.52
LTU,Lithuania,2005,25.57
SDN,Sudan,2005,25.59
MDG,Madagascar,2005,25.86
SAU,Saudi Arabia,2005,25.89
AGO,Angola,2005,26.06
GMB,Gambia,2005,26.23
KEN,Kenya,2005,26.27
CIV,Côte d’Ivoire,2005,26.33
SUR,Suriname,2005,26.43
MRT,Mauritania,2005,26.45
COM,Comoros,2005,26.81
NGA,Nigeria,2005,26.97
VEN,Venezuela (Bolivarian Republic of),2005,27.17
SOM,Somalia,2005,27.35
NER,Niger,2005,27.54
LSO,Lesotho,2005,27.57
DJI,Djibouti,2005,28.09
OMN,Oman,2005,28.27
CMR,Cameroon,2005,28.3
GUY,Guyana,2005,28.55
STP,Sao Tome and Principe,2005,28.58
RUS,Russian Federation,2005,28.82
BEN,Benin,2005,28.85
DOM,Dominican Republic,2005,28.87
BFA,Burkina Faso,2005,29.17
KWT,Kuwait,2005,29.47
SLV,El Salvador,2005,29.69
TZA,United Republic of Tanzania,2005,29.79
BDI,Burundi,2005,29.91
SWZ,Eswatini,2005,29.92
GIN,Guinea,2005,30.68
TGO,Togo,2005,30.86
KAZ,Kazakhstan,2005,31.12
GNB,Guinea-Bissau,2005,31.45
SLE,Sierra Leone,2005,31.55
QAT,Qatar,2005,31.78
MOZ,Mozambique,2005,32.33
UGA,Uganda,2005,32.52
MWI,Malawi,2005,32.93
CAF,Central African Republic,2005,33.36
ERI,Eritrea,2005,33.93
ZWE,Zimbabwe,2005,35.27
BLZ,Belize,2005,35.86
LBR,Liberia,2005,36.51
COD,Democratic Republic of the Congo,2005,36.78
RWA,Rwanda,2005,37.04
ZAF,South Africa,2005,38.05
THA,Thailand,2005,38.86
MLT,Malta,2005,4.2
GTM,Guatemala,2005,4.38
IRN,Iran (Islamic Republic of),2005,41.0
MDV,Maldives,2005,5.01
SGP,Singapore,2005,5.02
NLD,Netherlands,2005,5.14
SWE,Sweden,2005,5.27
NOR,Norway,2005,5.29
CHE,Switzerland,2005,5.71
DNK,Denmark,2005,6.49
GBR,United Kingdom of Great Britain and Northern Ireland,2005,6.63
ISL,Iceland,2005,6.78
TUR,Türkiye,2005,6.84
DEU,Germany,2005,6.89
ISR,Israel,2005,7.08
MKD,The former Yugoslav Republic of Macedonia,2005,7.13
FIN,Finland,2005,7.43
VCT,Saint Vincent and the Grenadines,2005,8.29
AUS,Australia,2005,8.31
BRB,Barbados,2005,8.69
FRA,France,2005,8.97
JPN,Japan,2005,9.38
CAN,Canada,2005,9.49
AUT,Austria,2005,9.6
IRL,Ireland,2005,9.95
MDV,Maldives,2004,1.61
GRD,Grenada,2004,1.92
JPN,Japan,2004,10.09
PHL,Philippines,2004,10.11
ARG,Argentina,2004,10.61
AZE,Azerbaijan,2004,10.69
EGY,Egypt,2004,10.72
ITA,Italy,2004,10.89
AUT,Austria,2004,11.01
NZL,New Zealand,2004,11.2
BEL,Belgium,2004,11.43
CUB,Cuba,2004,11.43
LUX,Luxembourg,2004,11.51
ESP,Spain,2004,11.67
PRY,Paraguay,2004,12.08
ROU,Romania,2004,12.29
JAM,Jamaica,2004,12.39
BGR,Bulgaria,2004,12.51
BRN,Brunei Darussalam,2004,12.52
UZB,Uzbekistan,2004,12.83
TON,Tonga,2004,12.97
FJI,Fiji,2004,13.08
BTN,Bhutan,2004,13.15
ECU,Ecuador,2004,13.78
LAO,Lao People's Democratic Republic,2004,13.85
EST,Estonia,2004,13.86
PAN,Panama,2004,13.89
URY,Uruguay,2004,13.91
CZE,Czechia,2004,13.92
VUT,Vanuatu,2004,14.21
HRV,Croatia,2004,14.3
SVN,Slovenia,2004,14.37
PAK,Pakistan,2004,14.39
IDN,Indonesia,2004,14.39
SVK,Slovakia,2004,14.45
CYP,Cyprus,2004,14.59
ALB,Albania,2004,14.65
LKA,Sri Lanka,2004,14.7
MEX,Mexico,2004,14.95
WSM,Samoa,2004,15.12
BOL,Bolivia (Plurinational State of),2004,15.14
HUN,Hungary,2004,15.16
AFG,Afghanistan,2004,15.19
MNE,Montenegro,2004,15.28
TLS,Timor-Leste,2004,15.33
PER,Peru,2004,15.36
MUS,Mauritius,2004,15.38
CRI,Costa Rica,2004,15.38
GEO,Georgia,2004,15.55
IND,India,2004,15.6
BHR,Bahrain,2004,15.67
USA,United States of America,2004,15.79
NIC,Nicaragua,2004,15.86
NPL,Nepal,2004,15.89
HND,Honduras,2004,15.94
BHS,Bahamas,2004,15.98
BGD,Bangladesh,2004,16.36
KOR,Republic of Korea,2004,16.63
MDA,Republic of Moldova,2004,16.67
BRB,Barbados,2004,16.71
POL,Poland,2004,16.89
TKM,Turkmenistan,2004,17.35
COL,Colombia,2004,17.48
GRC,Greece,2004,17.49
LBN,Lebanon,2004,17.53
KHM,Cambodia,2004,17.61
PNG,Papua New Guinea,2004,17.66
CHL,Chile,2004,17.83
TTO,Trinidad and Tobago,2004,17.91
BIH,Bosnia and Herzegovina,2004,18.14
SLB,Solomon Islands,2004,18.32
ARM,Armenia,2004,18.46
KGZ,Kyrgyzstan,2004,18.71
KIR,Kiribati,2004,18.78
HTI,Haiti,2004,18.89
PRT,Portugal,2004,19.07
TJK,Tajikistan,2004,19.08
MMR,Myanmar,2004,19.72
GNQ,Equatorial Guinea,2004,19.75
ATG,Antigua and Barbuda,2004,2.49
LCA,Saint Lucia,2004,20.39
SSD,South Sudan,2004,20.48
CHN,China,2004,20.54
UKR,Ukraine,2004,20.58
ARE,United Arab Emirates,2004,20.89
IRQ,Iraq,2004,21.06
MNG,Mongolia,2004,21.07
LBY,Libya,2004,21.23
SYR,Syrian Arab Republic,2004,21.84
NAM,Namibia,2004,22.02
BRA,Brazil,2004,22.23
YEM,Yemen,2004,22.39
DZA,Algeria,2004,22.48
PRK,Democratic People's Republic of Korea,2004,22.74
JOR,Jordan,2004,22.76
BLR,Belarus,2004,23.02
SAU,Saudi Arabia,2004,23.03
TUN,Tunisia,2004,23.43
BLZ,Belize,2004,23.5
LVA,Latvia,2004,23.52
LTU,Lithuania,2004,23.6
MAR,Morocco,2004,23.76
CPV,Cabo Verde,2004,23.87
MLI,Mali,2004,24.46
ETH,Ethiopia,2004,24.82
VNM,Viet Nam,2004,24.88
SEN,Senegal,2004,24.89
TCD,Chad,2004,25.05
GAB,Gabon,2004,25.1
KAZ,Kazakhstan,2004,25.42
GHA,Ghana,2004,25.44
KWT,Kuwait,2004,25.45
MYS,Malaysia,2004,25.49
SDN,Sudan,2004,25.65
COG,Congo,2004,25.81
AGO,Angola,2004,25.87
KEN,Kenya,2004,25.9
ZMB,Zambia,2004,25.91
GMB,Gambia,2004,25.93
MDG,Madagascar,2004,26.41
CIV,Côte d’Ivoire,2004,26.46
MRT,Mauritania,2004,26.67
OMN,Oman,2004,26.87
COM,Comoros,2004,26.96
LSO,Lesotho,2004,27.2
DJI,Djibouti,2004,27.61
NGA,Nigeria,2004,27.64
SOM,Somalia,2004,27.68
CMR,Cameroon,2004,27.78
NER,Niger,2004,27.91
BEN,Benin,2004,27.96
VEN,Venezuela (Bolivarian Republic of),2004,28.19
STP,Sao Tome and Principe,2004,28.77
BFA,Burkina Faso,2004,29.06
GUY,Guyana,2004,29.1
SUR,Suriname,2004,29.37
QAT,Qatar,2004,29.47
BDI,Burundi,2004,29.71
BWA,Botswana,2004,29.81
RUS,Russian Federation,2004,29.91
MLT,Malta,2004,3.48
TZA,United Republic of Tanzania,2004,30.09
SWZ,Eswatini,2004,30.41
GIN,Guinea,2004,30.57
TGO,Togo,2004,31.04
SLE,Sierra Leone,2004,31.25
GNB,Guinea-Bissau,2004,31.51
UGA,Uganda,2004,32.43
MWI,Malawi,2004,32.92
MOZ,Mozambique,2004,33.1
ERI,Eritrea,2004,33.53
CAF,Central African Republic,2004,33.65
ZWE,Zimbabwe,2004,34.84
SLV,El Salvador,2004,35.63
DOM,Dominican Republic,2004,35.99
COD,Democratic Republic of the Congo,2004,36.54
RWA,Rwanda,2004,36.73
LBR,Liberia,2004,37.34
THA,Thailand,2004,38.86
IRN,Iran (Islamic Republic of),2004,39.01
FSM,Micronesia (Federated States of),2004,4.69
GTM,Guatemala,2004,4.95
ZAF,South Africa,2004,41.27
SWE,Sweden,2004,5.57
NLD,Netherlands,2004,5.57
SGP,Singapore,2004,6.25
NOR,Norway,2004,6.29
TUR,Türkiye,2004,6.81
GBR,United Kingdom of Great Britain and Northern Ireland,2004,6.87
DNK,Denmark,2004,7.03
CHE,Switzerland,2004,7.18
VCT,Saint Vincent and the Grenadines,2004,7.37
DEU,Germany,2004,7.48
FIN,Finland,2004,7.63
ISR,Israel,2004,7.74
MKD,The former Yugoslav Republic of Macedonia,2004,7.78
AUS,Australia,2004,8.21
ISL,Iceland,2004,8.26
FRA,France,2004,8.91
CAN,Canada,2004,8.95
SRB,Serbia,2004,9.1
SYC,Seychelles,2004,9.15
IRL,Ireland,2004,9.59
MDV,Maldives,2003,0.66
GRD,Grenada,2003,1.92
FRA,France,2003,10.06
ATG,Antigua and Barbuda,2003,10.09
VCT,Saint Vincent and the Grenadines,2003,10.15
PHL,Philippines,2003,10.15
JPN,Japan,2003,10.56
CUB,Cuba,2003,11.5
BRB,Barbados,2003,11.66
PRY,Paraguay,2003,11.7
AUT,Austria,2003,11.74
ITA,Italy,2003,11.75
CYP,Cyprus,2003,11.78
ROU,Romania,2003,11.8
BEL,Belgium,2003,12.01
NZL,New Zealand,2003,12.21
URY,Uruguay,2003,12.22
LUX,Luxembourg,2003,12.3
EGY,Egypt,2003,12.34
BTN,Bhutan,2003,12.42
BGR,Bulgaria,2003,12.69
SVN,Slovenia,2003,12.98
TON,Tonga,2003,13.05
BHS,Bahamas,2003,13.1
ESP,Spain,2003,13.4
WSM,Samoa,2003,13.52
EST,Estonia,2003,13.62
JAM,Jamaica,2003,13.63
LAO,Lao People's Democratic Republic,2003,13.74
GEO,Georgia,2003,13.94
PER,Peru,2003,13.98
PAK,Pakistan,2003,14.0
MNE,Montenegro,2003,14.17
STP,Sao Tome and Principe,2003,14.28
IDN,Indonesia,2003,14.49
AZE,Azerbaijan,2003,14.51
CZE,Czechia,2003,14.57
VUT,Vanuatu,2003,14.64
ALB,Albania,2003,14.66
BGD,Bangladesh,2003,14.89
FSM,Micronesia (Federated States of),2003,14.97
MEX,Mexico,2003,14.98
TLS,Timor-Leste,2003,14.99
AFG,Afghanistan,2003,15.02
LKA,Sri Lanka,2003,15.03
ECU,Ecuador,2003,15.06
HUN,Hungary,2003,15.12
BOL,Bolivia (Plurinational State of),2003,15.12
SVK,Slovakia,2003,15.27
MUS,Mauritius,2003,15.38
NPL,Nepal,2003,15.41
CRI,Costa Rica,2003,15.42
PAN,Panama,2003,15.43
FJI,Fiji,2003,15.56
IND,India,2003,15.8
GRC,Greece,2003,15.8
MNG,Mongolia,2003,15.84
HND,Honduras,2003,15.92
MDA,Republic of Moldova,2003,15.93
USA,United States of America,2003,15.97
NIC,Nicaragua,2003,16.0
BHR,Bahrain,2003,16.05
HRV,Croatia,2003,16.47
POL,Poland,2003,16.5
TKM,Turkmenistan,2003,16.82
COL,Colombia,2003,17.16
LCA,Saint Lucia,2003,17.44
SYC,Seychelles,2003,17.48
PNG,Papua New Guinea,2003,17.62
KHM,Cambodia,2003,17.63
SAU,Saudi Arabia,2003,17.72
KGZ,Kyrgyzstan,2003,17.89
CHL,Chile,2003,18.0
LBN,Lebanon,2003,18.07
BIH,Bosnia and Herzegovina,2003,18.37
ARM,Armenia,2003,18.49
SLB,Solomon Islands,2003,18.79
KOR,Republic of Korea,2003,18.8
KAZ,Kazakhstan,2003,18.8
TJK,Tajikistan,2003,18.97
KIR,Kiribati,2003,19.14
HTI,Haiti,2003,19.33
PRT,Portugal,2003,19.39
SSD,South Sudan,2003,19.95
MMR,Myanmar,2003,20.06
UKR,Ukraine,2003,20.14
TTO,Trinidad and Tobago,2003,20.26
SUR,Suriname,2003,20.29
GNQ,Equatorial Guinea,2003,20.76
BRA,Brazil,2003,21.03
LBY,Libya,2003,21.12
CHN,China,2003,21.13
SYR,Syrian Arab Republic,2003,21.93
YEM,Yemen,2003,21.98
IRQ,Iraq,2003,22.01
DZA,Algeria,2003,22.7
NAM,Namibia,2003,22.76
JOR,Jordan,2003,22.86
PRK,Democratic People's Republic of Korea,2003,22.98
GAB,Gabon,2003,23.14
TUN,Tunisia,2003,23.35
LTU,Lithuania,2003,23.55
CPV,Cabo Verde,2003,24.0
MAR,Morocco,2003,24.06
VNM,Viet Nam,2003,24.2
ARE,United Arab Emirates,2003,24.25
MLI,Mali,2003,24.54
LVA,Latvia,2003,24.63
OMN,Oman,2003,24.98
ETH,Ethiopia,2003,25.12
SEN,Senegal,2003,25.16
AGO,Angola,2003,25.26
GMB,Gambia,2003,25.52
GHA,Ghana,2003,25.64
SDN,Sudan,2003,25.72
MRT,Mauritania,2003,25.83
CIV,Côte d’Ivoire,2003,25.87
KWT,Kuwait,2003,26.0
COG,Congo,2003,26.04
KEN,Kenya,2003,26.16
ZMB,Zambia,2003,26.23
MYS,Malaysia,2003,26.24
TCD,Chad,2003,26.44
MDG,Madagascar,2003,26.44
BLR,Belarus,2003,26.73
COM,Comoros,2003,26.75
SOM,Somalia,2003,27.22
VEN,Venezuela (Bolivarian Republic of),2003,27.35
CMR,Cameroon,2003,27.36
DJI,Djibouti,2003,27.78
NER,Niger,2003,28.0
GUY,Guyana,2003,28.05
LSO,Lesotho,2003,28.11
BEN,Benin,2003,28.22
BFA,Burkina Faso,2003,28.4
NGA,Nigeria,2003,28.64
BDI,Burundi,2003,29.82
TZA,United Republic of Tanzania,2003,30.0
SWZ,Eswatini,2003,30.05
GIN,Guinea,2003,30.33
TGO,Togo,2003,30.94
RUS,Russian Federation,2003,30.96
SLE,Sierra Leone,2003,31.33
BLZ,Belize,2003,31.55
GNB,Guinea-Bissau,2003,31.58
BWA,Botswana,2003,31.73
QAT,Qatar,2003,32.56
MWI,Malawi,2003,32.64
UGA,Uganda,2003,32.67
ERI,Eritrea,2003,33.3
CAF,Central African Republic,2003,33.53
MOZ,Mozambique,2003,33.55
ZWE,Zimbabwe,2003,33.75
SLV,El Salvador,2003,35.55
RWA,Rwanda,2003,36.87
LBR,Liberia,2003,37.5
COD,Democratic Republic of the Congo,2003,37.98
THA,Thailand,2003,38.84
IRN,Iran (Islamic Republic of),2003,38.93
DOM,Dominican Republic,2003,39.2
MLT,Malta,2003,4.49
GTM,Guatemala,2003,4.88
ZAF,South Africa,2003,43.41
SWE,Sweden,2003,6.03
MKD,The former Yugoslav Republic of Macedonia,2003,6.38
TUR,Türkiye,2003,6.6
NOR,Norway,2003,6.7
NLD,Netherlands,2003,6.93
SGP,Singapore,2003,6.97
GBR,United Kingdom of Great Britain and Northern Ireland,2003,7.2
ISR,Israel,2003,7.41
CHE,Switzerland,2003,7.75
FIN,Finland,2003,7.9
SRB,Serbia,2003,8.05
DNK,Denmark,2003,8.26
DEU,Germany,2003,8.38
ISL,Iceland,2003,8.41
AUS,Australia,2003,8.52
IRL,Ireland,2003,8.72
BRN,Brunei Darussalam,2003,8.77
CAN,Canada,2003,9.12
ARG,Argentina,2003,9.41
UZB,Uzbekistan,2003,9.92
AZE,Azerbaijan,2002,10.12
PHL,Philippines,2002,10.16
ISL,Iceland,2002,10.51
NZL,New Zealand,2002,11.33
JPN,Japan,2002,11.34
BRB,Barbados,2002,11.34
EGY,Egypt,2002,11.5
ROU,Romania,2002,11.6
BTN,Bhutan,2002,12.01
CYP,Cyprus,2002,12.08
AUT,Austria,2002,12.12
URY,Uruguay,2002,12.33
GEO,Georgia,2002,12.47
FRA,France,2002,12.49
BGR,Bulgaria,2002,12.57
TON,Tonga,2002,13.13
CUB,Cuba,2002,13.29
ITA,Italy,2002,13.34
BGD,Bangladesh,2002,13.46
WSM,Samoa,2002,13.6
ESP,Spain,2002,13.6
LAO,Lao People's Democratic Republic,2002,13.63
MNE,Montenegro,2002,13.69
BEL,Belgium,2002,13.86
PAK,Pakistan,2002,14.09
STP,Sao Tome and Principe,2002,14.11
SVN,Slovenia,2002,14.14
SVK,Slovakia,2002,14.28
CZE,Czechia,2002,14.38
MEX,Mexico,2002,14.38
LUX,Luxembourg,2002,14.42
VUT,Vanuatu,2002,14.44
PER,Peru,2002,14.48
JAM,Jamaica,2002,14.49
ALB,Albania,2002,14.49
TLS,Timor-Leste,2002,14.52
KGZ,Kyrgyzstan,2002,14.64
HRV,Croatia,2002,14.7
IDN,Indonesia,2002,14.77
AFG,Afghanistan,2002,14.92
FSM,Micronesia (Federated States of),2002,14.95
BRN,Brunei Darussalam,2002,15.0
ECU,Ecuador,2002,15.01
TTO,Trinidad and Tobago,2002,15.03
LKA,Sri Lanka,2002,15.11
BOL,Bolivia (Plurinational State of),2002,15.16
NPL,Nepal,2002,15.28
MDA,Republic of Moldova,2002,15.56
PAN,Panama,2002,15.72
NIC,Nicaragua,2002,15.84
HND,Honduras,2002,15.94
CHL,Chile,2002,15.98
HUN,Hungary,2002,16.15
USA,United States of America,2002,16.21
IND,India,2002,16.34
GRC,Greece,2002,16.38
KAZ,Kazakhstan,2002,16.59
TKM,Turkmenistan,2002,16.66
EST,Estonia,2002,16.7
CRI,Costa Rica,2002,17.02
POL,Poland,2002,17.21
SAU,Saudi Arabia,2002,17.24
BHS,Bahamas,2002,17.66
KHM,Cambodia,2002,17.67
SUR,Suriname,2002,17.83
PNG,Papua New Guinea,2002,17.97
LBN,Lebanon,2002,18.34
BIH,Bosnia and Herzegovina,2002,18.49
KOR,Republic of Korea,2002,18.55
MUS,Mauritius,2002,18.89
BHR,Bahrain,2002,18.91
HTI,Haiti,2002,18.94
COL,Colombia,2002,19.02
SYC,Seychelles,2002,19.03
SLB,Solomon Islands,2002,19.06
ARM,Armenia,2002,19.08
TJK,Tajikistan,2002,19.22
UKR,Ukraine,2002,19.5
SSD,South Sudan,2002,19.68
MDV,Maldives,2002,2.04
ATG,Antigua and Barbuda,2002,2.55
GNQ,Equatorial Guinea,2002,20.29
MMR,Myanmar,2002,20.38
SYR,Syrian Arab Republic,2002,20.78
IRQ,Iraq,2002,20.9
BRA,Brazil,2002,21.21
PRT,Portugal,2002,21.25
LBY,Libya,2002,21.48
YEM,Yemen,2002,21.98
MNG,Mongolia,2002,22.02
CHN,China,2002,22.12
ARE,United Arab Emirates,2002,22.36
PRK,Democratic People's Republic of Korea,2002,22.54
LTU,Lithuania,2002,22.73
DZA,Algeria,2002,22.8
TUN,Tunisia,2002,22.9
NAM,Namibia,2002,23.2
JOR,Jordan,2002,23.41
GAB,Gabon,2002,23.46
CPV,Cabo Verde,2002,23.48
KWT,Kuwait,2002,23.54
LCA,Saint Lucia,2002,23.84
MAR,Morocco,2002,24.0
GUY,Guyana,2002,24.03
VNM,Viet Nam,2002,24.3
ETH,Ethiopia,2002,24.65
SEN,Senegal,2002,24.68
MLI,Mali,2002,24.79
MYS,Malaysia,2002,25.09
SDN,Sudan,2002,25.38
AGO,Angola,2002,25.39
CIV,Côte d’Ivoire,2002,25.42
OMN,Oman,2002,25.61
LVA,Latvia,2002,25.77
GMB,Gambia,2002,25.78
MRT,Mauritania,2002,25.9
GHA,Ghana,2002,25.92
COG,Congo,2002,25.95
BLR,Belarus,2002,26.1
SOM,Somalia,2002,26.14
TCD,Chad,2002,26.43
KEN,Kenya,2002,26.53
COM,Comoros,2002,26.69
MDG,Madagascar,2002,26.76
ZMB,Zambia,2002,26.92
DJI,Djibouti,2002,27.45
CMR,Cameroon,2002,27.69
LSO,Lesotho,2002,27.96
BFA,Burkina Faso,2002,28.02
NER,Niger,2002,28.29
BEN,Benin,2002,28.68
BDI,Burundi,2002,29.27
SWZ,Eswatini,2002,29.56
RUS,Russian Federation,2002,29.64
NGA,Nigeria,2002,29.83
VEN,Venezuela (Bolivarian Republic of),2002,29.85
BWA,Botswana,2002,30.15
GIN,Guinea,2002,30.19
GNB,Guinea-Bissau,2002,30.63
TGO,Togo,2002,30.8
TZA,United Republic of Tanzania,2002,31.25
SLE,Sierra Leone,2002,31.28
CAF,Central African Republic,2002,31.61
QAT,Qatar,2002,31.68
ZWE,Zimbabwe,2002,32.36
ERI,Eritrea,2002,32.85
SLV,El Salvador,2002,33.06
MWI,Malawi,2002,33.24
UGA,Uganda,2002,33.33
IRN,Iran (Islamic Republic of),2002,33.52
MOZ,Mozambique,2002,33.92
LBR,Liberia,2002,34.78
BLZ,Belize,2002,36.13
DOM,Dominican Republic,2002,36.73
RWA,Rwanda,2002,37.18
COD,Democratic Republic of the Congo,2002,38.53
THA,Thailand,2002,39.17
ZAF,South Africa,2002,39.94
MLT,Malta,2002,4.01
VCT,Saint Vincent and the Grenadines,2002,4.63
GTM,Guatemala,2002,4.82
SWE,Sweden,2002,6.32
SGP,Singapore,2002,6.36
TUR,Türkiye,2002,6.8
NLD,Netherlands,2002,6.84
GBR,United Kingdom of Great Britain and Northern Ireland,2002,7.11
CHE,Switzerland,2002,7.33
NOR,Norway,2002,7.39
FJI,Fiji,2002,7.48
GRD,Grenada,2002,7.72
KIR,Kiribati,2002,8.02
UZB,Uzbekistan,2002,8.25
FIN,Finland,2002,8.54
ISR,Israel,2002,8.68
DEU,Germany,2002,8.8
MKD,The former Yugoslav Republic of Macedonia,2002,8.83
PRY,Paraguay,2002,8.86
DNK,Denmark,2002,8.88
AUS,Australia,2002,9.11
SRB,Serbia,2002,9.41
CAN,Canada,2002,9.66
ARG,Argentina,2002,9.81
IRL,Ireland,2002,9.98
MDV,Maldives,2001,0.7
STP,Sao Tome and Principe,2001,10.12
EGY,Egypt,2001,10.65
IRL,Ireland,2001,11.06
ARG,Argentina,2001,11.64
CYP,Cyprus,2001,11.77
PRY,Paraguay,2001,11.92
BTN,Bhutan,2001,11.93
NZL,New Zealand,2001,12.0
BGD,Bangladesh,2001,12.05
JPN,Japan,2001,12.07
SYC,Seychelles,2001,12.13
AUT,Austria,2001,12.2
SUR,Suriname,2001,12.8
ATG,Antigua and Barbuda,2001,12.95
ROU,Romania,2001,13.02
BGR,Bulgaria,2001,13.15
TON,Tonga,2001,13.2
GEO,Georgia,2001,13.38
LAO,Lao People's Democratic Republic,2001,13.38
CZE,Czechia,2001,13.38
FRA,France,2001,13.4
JAM,Jamaica,2001,13.45
HUN,Hungary,2001,13.54
WSM,Samoa,2001,13.68
SRB,Serbia,2001,13.79
ITA,Italy,2001,13.93
MEX,Mexico,2001,13.97
MUS,Mauritius,2001,13.99
PAK,Pakistan,2001,14.04
TLS,Timor-Leste,2001,14.08
KGZ,Kyrgyzstan,2001,14.17
CUB,Cuba,2001,14.24
VUT,Vanuatu,2001,14.27
ESP,Spain,2001,14.36
ALB,Albania,2001,14.51
IDN,Indonesia,2001,14.62
ECU,Ecuador,2001,14.77
BOL,Bolivia (Plurinational State of),2001,14.81
FSM,Micronesia (Federated States of),2001,14.93
SVN,Slovenia,2001,14.99
SVK,Slovakia,2001,15.08
AFG,Afghanistan,2001,15.11
HRV,Croatia,2001,15.13
LKA,Sri Lanka,2001,15.26
NPL,Nepal,2001,15.3
PAN,Panama,2001,15.44
HND,Honduras,2001,15.53
URY,Uruguay,2001,15.58
USA,United States of America,2001,15.7
LCA,Saint Lucia,2001,15.8
MDA,Republic of Moldova,2001,15.81
ARE,United Arab Emirates,2001,15.81
BEL,Belgium,2001,15.83
MNG,Mongolia,2001,15.91
EST,Estonia,2001,15.95
NIC,Nicaragua,2001,16.03
PER,Peru,2001,16.04
TTO,Trinidad and Tobago,2001,16.12
CHL,Chile,2001,16.23
KAZ,Kazakhstan,2001,16.24
TKM,Turkmenistan,2001,16.3
LUX,Luxembourg,2001,16.36
POL,Poland,2001,16.62
IND,India,2001,16.63
SAU,Saudi Arabia,2001,17.11
CRI,Costa Rica,2001,17.25
BHR,Bahrain,2001,17.35
PNG,Papua New Guinea,2001,17.46
MNE,Montenegro,2001,17.61
KHM,Cambodia,2001,17.63
BLR,Belarus,2001,17.72
UKR,Ukraine,2001,17.78
GRC,Greece,2001,18.24
SLB,Solomon Islands,2001,18.4
HTI,Haiti,2001,18.7
LBN,Lebanon,2001,18.77
BIH,Bosnia and Herzegovina,2001,18.85
BRN,Brunei Darussalam,2001,19.41
SSD,South Sudan,2001,19.42
TJK,Tajikistan,2001,19.47
ARM,Armenia,2001,19.47
COL,Colombia,2001,20.04
BRA,Brazil,2001,20.12
GNQ,Equatorial Guinea,2001,20.42
MMR,Myanmar,2001,20.62
IRQ,Iraq,2001,20.63
BHS,Bahamas,2001,20.95
KOR,Republic of Korea,2001,20.96
LBY,Libya,2001,21.13
SYR,Syrian Arab Republic,2001,21.37
PRT,Portugal,2001,21.51
CHN,China,2001,21.9
YEM,Yemen,2001,21.96
LTU,Lithuania,2001,22.02
PRK,Democratic People's Republic of Korea,2001,22.29
OMN,Oman,2001,22.4
DZA,Algeria,2001,22.68
NAM,Namibia,2001,22.8
TUN,Tunisia,2001,23.25
JOR,Jordan,2001,23.29
CPV,Cabo Verde,2001,23.41
GAB,Gabon,2001,23.5
KWT,Kuwait,2001,23.63
MAR,Morocco,2001,23.82
VNM,Viet Nam,2001,24.16
GUY,Guyana,2001,24.29
ETH,Ethiopia,2001,24.45
SEN,Senegal,2001,24.59
MLI,Mali,2001,24.84
AGO,Angola,2001,25.19
CIV,Côte d’Ivoire,2001,25.3
MYS,Malaysia,2001,25.43
SDN,Sudan,2001,25.48
GMB,Gambia,2001,25.51
GHA,Ghana,2001,25.79
LVA,Latvia,2001,25.86
MRT,Mauritania,2001,25.9
COG,Congo,2001,26.07
MDG,Madagascar,2001,26.09
KEN,Kenya,2001,26.47
TCD,Chad,2001,26.59
COM,Comoros,2001,26.8
SOM,Somalia,2001,27.0
LSO,Lesotho,2001,27.14
ZMB,Zambia,2001,27.19
CMR,Cameroon,2001,27.53
DJI,Djibouti,2001,27.56
BFA,Burkina Faso,2001,27.74
QAT,Qatar,2001,27.8
NER,Niger,2001,28.1
BEN,Benin,2001,28.5
RUS,Russian Federation,2001,28.79
NGA,Nigeria,2001,29.58
ZWE,Zimbabwe,2001,29.7
SWZ,Eswatini,2001,29.91
VEN,Venezuela (Bolivarian Republic of),2001,30.04
BDI,Burundi,2001,30.15
GNB,Guinea-Bissau,2001,30.42
TGO,Togo,2001,30.44
IRN,Iran (Islamic Republic of),2001,30.61
GIN,Guinea,2001,30.69
BWA,Botswana,2001,31.11
CAF,Central African Republic,2001,31.92
ERI,Eritrea,2001,31.92
TZA,United Republic of Tanzania,2001,32.03
DOM,Dominican Republic,2001,32.17
SLE,Sierra Leone,2001,32.34
MWI,Malawi,2001,32.37
UGA,Uganda,2001,33.59
MOZ,Mozambique,2001,33.92
SLV,El Salvador,2001,35.26
LBR,Liberia,2001,35.41
RWA,Rwanda,2001,36.37
BLZ,Belize,2001,37.54
COD,Democratic Republic of the Congo,2001,38.0
ZAF,South Africa,2001,38.34
THA,Thailand,2001,39.28
MLT,Malta,2001,4.79
MKD,The former Yugoslav Republic of Macedonia,2001,5.38
VCT,Saint Vincent and the Grenadines,2001,5.56
GTM,Guatemala,2001,5.62
SGP,Singapore,2001,5.84
NOR,Norway,2001,6.57
GRD,Grenada,2001,6.78
NLD,Netherlands,2001,6.97
KIR,Kiribati,2001,6.99
SWE,Sweden,2001,7.04
TUR,Türkiye,2001,7.04
GBR,United Kingdom of Great Britain and Northern Ireland,2001,7.04
CHE,Switzerland,2001,7.81
FJI,Fiji,2001,7.99
DNK,Denmark,2001,8.57
BRB,Barbados,2001,8.64
FIN,Finland,2001,8.88
DEU,Germany,2001,8.95
CAN,Canada,2001,9.2
ISR,Israel,2001,9.22
AUS,Australia,2001,9.33
UZB,Uzbekistan,2001,9.57
ISL,Iceland,2001,9.61
PHL,Philippines,2001,9.69
AZE,Azerbaijan,2001,9.99
MDV,Maldives,2000,1.79
BGD,Bangladesh,2000,10.8
SRB,Serbia,2000,10.86
EGY,Egypt,2000,11.24
IRL,Ireland,2000,11.39
ARG,Argentina,2000,11.47
BTN,Bhutan,2000,11.67
ISL,Iceland,2000,11.77
GEO,Georgia,2000,11.83
BHR,Bahrain,2000,12.04
CYP,Cyprus,2000,12.3
STP,Sao Tome and Principe,2000,12.32
NZL,New Zealand,2000,12.33
KGZ,Kyrgyzstan,2000,12.42
ROU,Romania,2000,12.44
AUT,Austria,2000,12.47
JPN,Japan,2000,12.48
JAM,Jamaica,2000,12.52
HUN,Hungary,2000,12.65
BGR,Bulgaria,2000,13.04
TON,Tonga,2000,13.27
FRA,France,2000,13.35
ECU,Ecuador,2000,13.51
TTO,Trinidad and Tobago,2000,13.57
SYC,Seychelles,2000,13.58
MDA,Republic of Moldova,2000,13.59
UKR,Ukraine,2000,13.61
LAO,Lao People's Democratic Republic,2000,13.77
ITA,Italy,2000,13.93
PAK,Pakistan,2000,13.95
VUT,Vanuatu,2000,14.06
MNE,Montenegro,2000,14.18
MEX,Mexico,2000,14.18
KAZ,Kazakhstan,2000,14.2
ALB,Albania,2000,14.35
TLS,Timor-Leste,2000,14.47
IDN,Indonesia,2000,14.47
BOL,Bolivia (Plurinational State of),2000,14.54
BRB,Barbados,2000,14.58
AFG,Afghanistan,2000,14.65
CZE,Czechia,2000,14.89
WSM,Samoa,2000,14.9
FSM,Micronesia (Federated States of),2000,14.9
SVK,Slovakia,2000,15.11
LKA,Sri Lanka,2000,15.14
HRV,Croatia,2000,15.24
ESP,Spain,2000,15.42
PAN,Panama,2000,15.44
HND,Honduras,2000,15.44
NPL,Nepal,2000,15.53
USA,United States of America,2000,15.67
CUB,Cuba,2000,15.76
PER,Peru,2000,15.79
MNG,Mongolia,2000,15.85
BRN,Brunei Darussalam,2000,15.91
ARE,United Arab Emirates,2000,16.02
TKM,Turkmenistan,2000,16.1
MUS,Mauritius,2000,16.12
NIC,Nicaragua,2000,16.33
SVN,Slovenia,2000,16.35
BEL,Belgium,2000,16.65
URY,Uruguay,2000,16.84
IND,India,2000,16.86
SAU,Saudi Arabia,2000,17.05
PNG,Papua New Guinea,2000,17.41
HTI,Haiti,2000,17.46
EST,Estonia,2000,17.65
SLB,Solomon Islands,2000,17.69
CRI,Costa Rica,2000,17.77
BLR,Belarus,2000,17.81
LUX,Luxembourg,2000,17.89
KHM,Cambodia,2000,17.92
CHL,Chile,2000,17.93
POL,Poland,2000,18.6
BIH,Bosnia and Herzegovina,2000,19.01
LBN,Lebanon,2000,19.18
SSD,South Sudan,2000,19.24
PRT,Portugal,2000,19.36
TJK,Tajikistan,2000,19.46
ARM,Armenia,2000,19.64
BRA,Brazil,2000,19.71
LCA,Saint Lucia,2000,19.78
GRC,Greece,2000,19.85
COL,Colombia,2000,20.04
LBY,Libya,2000,20.61
IRQ,Iraq,2000,20.73
MMR,Myanmar,2000,20.91
GAB,Gabon,2000,21.25
CHN,China,2000,21.38
YEM,Yemen,2000,21.91
SYR,Syrian Arab Republic,2000,22.02
GNQ,Equatorial Guinea,2000,22.11
OMN,Oman,2000,22.35
NAM,Namibia,2000,22.54
DZA,Algeria,2000,22.54
PRK,Democratic People's Republic of Korea,2000,22.66
LTU,Lithuania,2000,22.79
CPV,Cabo Verde,2000,22.89
JOR,Jordan,2000,23.23
TUN,Tunisia,2000,23.71
MAR,Morocco,2000,23.86
VNM,Viet Nam,2000,24.09
ETH,Ethiopia,2000,24.61
SEN,Senegal,2000,24.81
AGO,Angola,2000,25.07
CIV,Côte d’Ivoire,2000,25.44
SDN,Sudan,2000,25.5
BHS,Bahamas,2000,25.56
MLI,Mali,2000,25.56
KOR,Republic of Korea,2000,25.63
SUR,Suriname,2000,25.69
GMB,Gambia,2000,25.73
GHA,Ghana,2000,25.82
MRT,Mauritania,2000,26.08
KWT,Kuwait,2000,26.11
GUY,Guyana,2000,26.25
COG,Congo,2000,26.28
KEN,Kenya,2000,26.44
MDG,Madagascar,2000,26.63
IRN,Iran (Islamic Republic of),2000,26.8
MYS,Malaysia,2000,26.83
COM,Comoros,2000,26.92
TCD,Chad,2000,26.95
LSO,Lesotho,2000,27.0
ZMB,Zambia,2000,27.36
VEN,Venezuela (Bolivarian Republic of),2000,27.41
CMR,Cameroon,2000,27.45
DJI,Djibouti,2000,27.45
BFA,Burkina Faso,2000,27.63
SOM,Somalia,2000,27.65
RUS,Russian Federation,2000,27.86
NER,Niger,2000,28.43
BEN,Benin,2000,28.43
LVA,Latvia,2000,29.15
NGA,Nigeria,2000,29.23
ZWE,Zimbabwe,2000,29.31
DOM,Dominican Republic,2000,29.43
BLZ,Belize,2000,29.52
SWZ,Eswatini,2000,29.86
TGO,Togo,2000,30.08
BDI,Burundi,2000,30.35
GNB,Guinea-Bissau,2000,30.66
GIN,Guinea,2000,31.09
MWI,Malawi,2000,31.22
QAT,Qatar,2000,31.23
SLE,Sierra Leone,2000,31.23
ERI,Eritrea,2000,31.32
BWA,Botswana,2000,31.84
TZA,United Republic of Tanzania,2000,32.22
CAF,Central African Republic,2000,32.33
UGA,Uganda,2000,33.87
MOZ,Mozambique,2000,33.97
LBR,Liberia,2000,35.48
SLV,El Salvador,2000,35.9
RWA,Rwanda,2000,37.96
COD,Democratic Republic of the Congo,2000,38.11
THA,Thailand,2000,39.03
MLT,Malta,2000,4.57
VCT,Saint Vincent and the Grenadines,2000,4.64
GRD,Grenada,2000,4.86
ZAF,South Africa,2000,43.99
SGP,Singapore,2000,6.5
SWE,Sweden,2000,6.74
GTM,Guatemala,2000,6.85
GBR,United Kingdom of Great Britain and Northern Ireland,2000,6.89
NLD,Netherlands,2000,7.55
ISR,Israel,2000,7.99
NOR,Norway,2000,8.05
FIN,Finland,2000,8.11
AZE,Azerbaijan,2000,8.16
MKD,The former Yugoslav Republic of Macedonia,2000,8.21
KIR,Kiribati,2000,8.29
CHE,Switzerland,2000,8.54
TUR,Türkiye,2000,8.98
ATG,Antigua and Barbuda,2000,9.21
PRY,Paraguay,2000,9.43
DNK,Denmark,2000,9.6
DEU,Germany,2000,9.62
FJI,Fiji,2000,9.74
UZB,Uzbekistan,2000,9.74
CAN,Canada,2000,9.78
PHL,Philippines,2000,9.85
AUS,Australia,2000,9.86
